row_id,narrative
40380,Predicted acceptance 85.9%. Key drivers: job is student ↑ (medium); job is services ↓ (medium); emp.var.rate = -1.7 ↓ (light); cons.price.idx = 94.027 ↑ (light); feature_111 ↑ (light)
39258,Predicted acceptance 85.9%. Key drivers: job is services ↓ (medium); job is student ↑ (medium); emp.var.rate = -1.8 ↓ (light); cons.price.idx = 93.369 ↑ (light); feature_111 ↑ (light)
40744,Predicted acceptance 85.9%. Key drivers: job is student ↑ (medium); job is services ↓ (medium); emp.var.rate = -1.1 ↓ (light); cons.price.idx = 94.199 ↑ (light); feature_111 ↑ (light)
40803,Predicted acceptance 85.9%. Key drivers: job is student ↑ (medium); job is services ↓ (medium); emp.var.rate = -1.1 ↓ (light); cons.price.idx = 94.199 ↑ (light); feature_111 ↑ (light)
40395,Predicted acceptance 85.9%. Key drivers: job is student ↑ (medium); job is services ↓ (medium); cons.price.idx = 94.027 ↑ (light); emp.var.rate = -1.7 ↓ (light); feature_111 ↑ (light)
40362,Predicted acceptance 85.9%. Key drivers: job is student ↑ (medium); job is services ↓ (medium); cons.price.idx = 94.027 ↑ (light); emp.var.rate = -1.7 ↓ (light); feature_111 ↑ (light)
40349,Predicted acceptance 85.9%. Key drivers: job is student ↑ (medium); job is services ↓ (medium); emp.var.rate = -1.7 ↓ (light); cons.price.idx = 94.027 ↑ (light); feature_111 ↑ (light)
40475,Predicted acceptance 85.9%. Key drivers: job is student ↑ (light); job is services ↓ (light); cons.price.idx = 94.027 ↑ (light); emp.var.rate = -1.7 ↓ (light); feature_85 ↓ (light)
40458,Predicted acceptance 85.9%. Key drivers: job is student ↑ (medium); job is services ↓ (medium); cons.price.idx = 94.027 ↑ (light); emp.var.rate = -1.7 ↓ (light); feature_111 ↑ (light)
39183,Predicted acceptance 85.9%. Key drivers: job is student ↑ (medium); job is services ↓ (medium); emp.var.rate = -1.8 ↓ (light); cons.price.idx = 93.369 ↑ (light); feature_111 ↑ (light)
39222,Predicted acceptance 85.9%. Key drivers: job is services ↓ (medium); job is student ↑ (medium); emp.var.rate = -1.8 ↓ (light); cons.price.idx = 93.369 ↑ (light); feature_111 ↑ (light)
39565,Predicted acceptance 85.9%. Key drivers: job is services ↓ (medium); job is student ↑ (medium); emp.var.rate = -1.8 ↓ (light); cons.price.idx = 93.749 ↑ (light); feature_111 ↑ (light)
39226,Predicted acceptance 85.9%. Key drivers: job is services ↓ (medium); job is student ↑ (medium); emp.var.rate = -1.8 ↓ (light); cons.price.idx = 93.369 ↑ (light); feature_111 ↑ (light)
39455,Predicted acceptance 85.9%. Key drivers: job is services ↓ (medium); job is student ↑ (medium); emp.var.rate = -1.8 ↓ (light); cons.price.idx = 93.749 ↑ (light); feature_111 ↑ (light)
40556,Predicted acceptance 85.9%. Key drivers: job is student ↑ (medium); job is services ↓ (medium); emp.var.rate = -1.1 ↓ (light); cons.price.idx = 94.199 ↑ (light); feature_111 ↑ (light)
39301,Predicted acceptance 85.9%. Key drivers: job is services ↓ (medium); job is student ↑ (medium); emp.var.rate = -1.8 ↓ (light); cons.price.idx = 93.369 ↑ (light); feature_111 ↑ (light)
40713,Predicted acceptance 85.9%. Key drivers: job is services ↓ (medium); job is student ↑ (medium); emp.var.rate = -1.1 ↓ (light); cons.price.idx = 94.199 ↑ (light); feature_111 ↑ (light)
39167,Predicted acceptance 85.9%. Key drivers: job is services ↓ (medium); job is student ↑ (medium); emp.var.rate = -1.8 ↓ (light); cons.price.idx = 93.369 ↑ (light); feature_111 ↑ (light)
40779,Predicted acceptance 85.9%. Key drivers: job is student ↑ (medium); job is services ↓ (medium); emp.var.rate = -1.1 ↓ (light); cons.price.idx = 94.199 ↑ (light); feature_111 ↑ (light)
40718,Predicted acceptance 85.9%. Key drivers: job is student ↑ (medium); job is services ↓ (medium); emp.var.rate = -1.1 ↓ (light); cons.price.idx = 94.199 ↑ (light); feature_111 ↑ (light)
40738,Predicted acceptance 85.9%. Key drivers: job is student ↑ (light); job is services ↓ (light); emp.var.rate = -1.1 ↓ (light); cons.price.idx = 94.199 ↑ (light); feature_85 ↓ (light)
40716,Predicted acceptance 85.9%. Key drivers: job is student ↑ (light); job is services ↓ (light); emp.var.rate = -1.1 ↓ (light); cons.price.idx = 94.199 ↑ (light); feature_85 ↓ (light)
40358,Predicted acceptance 85.9%. Key drivers: job is student ↑ (medium); job is services ↓ (medium); emp.var.rate = -1.7 ↓ (light); cons.price.idx = 94.027 ↑ (light); feature_111 ↑ (light)
39392,Predicted acceptance 85.9%. Key drivers: job is services ↓ (medium); job is student ↑ (medium); emp.var.rate = -1.8 ↓ (light); cons.price.idx = 93.369 ↑ (light); feature_111 ↑ (light)
40672,Predicted acceptance 85.9%. Key drivers: job is student ↑ (light); job is services ↓ (light); cons.price.idx = 94.199 ↑ (light); emp.var.rate = -1.1 ↓ (light); feature_85 ↓ (light)
39558,Predicted acceptance 85.9%. Key drivers: job is services ↓ (medium); job is student ↑ (medium); emp.var.rate = -1.8 ↓ (light); cons.price.idx = 93.749 ↑ (light); feature_111 ↑ (light)
39492,Predicted acceptance 85.9%. Key drivers: job is services ↓ (medium); job is student ↑ (medium); emp.var.rate = -1.8 ↓ (light); cons.price.idx = 93.749 ↑ (light); feature_111 ↑ (light)
40520,Predicted acceptance 85.9%. Key drivers: job is student ↑ (medium); job is services ↓ (medium); emp.var.rate = -1.7 ↓ (light); cons.price.idx = 94.027 ↑ (light); feature_111 ↑ (light)
40566,Predicted acceptance 85.9%. Key drivers: job is student ↑ (light); job is services ↓ (light); emp.var.rate = -1.1 ↓ (light); cons.price.idx = 94.199 ↑ (light); feature_85 ↓ (light)
40645,Predicted acceptance 85.9%. Key drivers: job is student ↑ (medium); job is services ↓ (medium); emp.var.rate = -1.1 ↓ (light); cons.price.idx = 94.199 ↑ (light); feature_111 ↑ (light)
39353,Predicted acceptance 85.9%. Key drivers: job is services ↓ (medium); job is student ↑ (medium); emp.var.rate = -1.8 ↓ (light); cons.price.idx = 93.369 ↑ (light); feature_111 ↑ (light)
39151,Predicted acceptance 85.9%. Key drivers: job is services ↓ (medium); job is student ↑ (medium); emp.var.rate = -1.8 ↓ (light); cons.price.idx = 93.369 ↑ (light); feature_111 ↑ (light)
39302,Predicted acceptance 85.9%. Key drivers: job is services ↓ (medium); job is student ↑ (medium); emp.var.rate = -1.8 ↓ (light); cons.price.idx = 93.369 ↑ (light); feature_111 ↑ (light)
40797,Predicted acceptance 85.9%. Key drivers: job is student ↑ (medium); job is services ↓ (medium); emp.var.rate = -1.1 ↓ (light); cons.price.idx = 94.199 ↑ (light); feature_111 ↑ (light)
40586,Predicted acceptance 85.9%. Key drivers: job is student ↑ (medium); job is services ↓ (medium); cons.price.idx = 94.199 ↑ (light); emp.var.rate = -1.1 ↓ (light); feature_111 ↑ (light)
40552,Predicted acceptance 85.9%. Key drivers: job is student ↑ (medium); job is services ↓ (medium); cons.price.idx = 94.027 ↑ (light); emp.var.rate = -1.7 ↓ (light); feature_111 ↑ (light)
39159,Predicted acceptance 85.9%. Key drivers: job is services ↓ (medium); job is student ↑ (medium); emp.var.rate = -1.8 ↓ (light); cons.price.idx = 93.369 ↑ (light); feature_111 ↑ (light)
40844,Predicted acceptance 85.9%. Key drivers: job is student ↑ (medium); job is services ↓ (medium); emp.var.rate = -1.1 ↓ (light); cons.price.idx = 94.199 ↑ (light); feature_111 ↑ (light)
39147,Predicted acceptance 85.9%. Key drivers: job is services ↓ (medium); job is student ↑ (medium); emp.var.rate = -1.8 ↓ (light); cons.price.idx = 93.369 ↑ (light); feature_111 ↑ (light)
39447,Predicted acceptance 85.9%. Key drivers: job is services ↓ (medium); job is student ↑ (medium); emp.var.rate = -1.8 ↓ (light); cons.price.idx = 93.749 ↑ (light); feature_111 ↑ (light)
39505,Predicted acceptance 85.9%. Key drivers: job is services ↓ (medium); job is student ↑ (medium); emp.var.rate = -1.8 ↓ (light); cons.price.idx = 93.749 ↑ (light); feature_111 ↑ (light)
40425,Predicted acceptance 85.9%. Key drivers: job is student ↑ (medium); job is services ↓ (medium); emp.var.rate = -1.7 ↓ (light); cons.price.idx = 94.027 ↑ (light); feature_111 ↑ (light)
39216,Predicted acceptance 85.9%. Key drivers: job is student ↑ (medium); job is services ↓ (medium); emp.var.rate = -1.8 ↓ (light); cons.price.idx = 93.369 ↑ (light); feature_84 ↑ (light)
40476,Predicted acceptance 85.9%. Key drivers: job is student ↑ (medium); job is services ↓ (medium); emp.var.rate = -1.7 ↓ (light); cons.price.idx = 94.027 ↑ (light); feature_111 ↑ (light)
39308,Predicted acceptance 85.9%. Key drivers: job is services ↓ (medium); job is student ↑ (medium); emp.var.rate = -1.8 ↓ (light); cons.price.idx = 93.369 ↑ (light); feature_111 ↑ (light)
40574,Predicted acceptance 85.9%. Key drivers: job is student ↑ (medium); job is services ↓ (medium); cons.price.idx = 94.199 ↑ (light); emp.var.rate = -1.1 ↓ (light); feature_111 ↑ (light)
39224,Predicted acceptance 85.9%. Key drivers: job is services ↓ (medium); job is student ↑ (medium); emp.var.rate = -1.8 ↓ (light); cons.price.idx = 93.369 ↑ (light); feature_111 ↑ (light)
39186,Predicted acceptance 85.9%. Key drivers: job is services ↓ (medium); job is student ↑ (medium); emp.var.rate = -1.8 ↓ (light); cons.price.idx = 93.369 ↑ (light); feature_111 ↑ (light)
39556,Predicted acceptance 85.9%. Key drivers: job is services ↓ (medium); job is student ↑ (medium); cons.price.idx = 93.749 ↑ (light); emp.var.rate = -1.8 ↓ (light); job is retired ↓ (light)
39228,Predicted acceptance 85.9%. Key drivers: job is services ↓ (medium); job is student ↑ (medium); emp.var.rate = -1.8 ↓ (light); cons.price.idx = 93.369 ↑ (light); feature_111 ↑ (light)
39233,Predicted acceptance 85.9%. Key drivers: job is services ↓ (medium); job is student ↑ (medium); emp.var.rate = -1.8 ↓ (light); cons.price.idx = 93.369 ↑ (light); feature_111 ↑ (light)
40461,Predicted acceptance 85.9%. Key drivers: job is student ↑ (medium); job is services ↓ (medium); cons.price.idx = 94.027 ↑ (light); emp.var.rate = -1.7 ↓ (light); feature_111 ↑ (light)
39358,Predicted acceptance 85.9%. Key drivers: job is student ↑ (medium); job is services ↓ (medium); emp.var.rate = -1.8 ↓ (light); cons.price.idx = 93.369 ↑ (light); feature_111 ↑ (light)
40346,Predicted acceptance 85.9%. Key drivers: job is student ↑ (medium); job is services ↓ (medium); cons.price.idx = 94.027 ↑ (light); emp.var.rate = -1.7 ↓ (light); feature_111 ↑ (light)
40683,Predicted acceptance 85.9%. Key drivers: job is services ↓ (medium); job is student ↑ (medium); cons.price.idx = 94.199 ↑ (light); emp.var.rate = -1.1 ↓ (light); feature_111 ↑ (light)
39349,Predicted acceptance 85.9%. Key drivers: job is services ↓ (medium); job is student ↑ (medium); emp.var.rate = -1.8 ↓ (light); cons.price.idx = 93.369 ↑ (light); feature_111 ↑ (light)
40725,Predicted acceptance 85.9%. Key drivers: job is student ↑ (medium); job is services ↓ (medium); cons.price.idx = 94.199 ↑ (light); emp.var.rate = -1.1 ↓ (light); feature_85 ↓ (light)
40714,Predicted acceptance 85.9%. Key drivers: job is student ↑ (medium); job is services ↓ (medium); emp.var.rate = -1.1 ↓ (light); cons.price.idx = 94.199 ↑ (light); feature_111 ↑ (light)
39338,Predicted acceptance 85.9%. Key drivers: job is services ↓ (medium); job is student ↑ (medium); emp.var.rate = -1.8 ↓ (light); cons.price.idx = 93.369 ↑ (light); feature_111 ↑ (light)
40473,Predicted acceptance 85.9%. Key drivers: job is student ↑ (medium); job is services ↓ (medium); cons.price.idx = 94.027 ↑ (light); emp.var.rate = -1.7 ↓ (light); feature_111 ↑ (light)
39444,Predicted acceptance 85.9%. Key drivers: job is services ↓ (medium); job is student ↑ (medium); cons.price.idx = 93.749 ↑ (light); emp.var.rate = -1.8 ↓ (light); feature_111 ↑ (light)
39831,Predicted acceptance 76.2%. Key drivers: job is student ↑ (light); job is services ↓ (light); emp.var.rate = -1.7 ↓ (light); cons.price.idx = 94.055 ↑ (light); feature_85 ↓ (light)
39656,Predicted acceptance 76.2%. Key drivers: job is services ↓ (light); job is student ↑ (light); emp.var.rate = -1.8 ↓ (light); cons.price.idx = 93.876 ↑ (light); job is housemaid ↑ (light)
40945,Predicted acceptance 76.2%. Key drivers: job is services ↓ (light); job is student ↑ (light); emp.var.rate = -1.1 ↓ (light); cons.price.idx = 94.601 ↑ (light); job is housemaid ↓ (light)
41053,Predicted acceptance 76.2%. Key drivers: job is student ↑ (light); job is services ↓ (light); emp.var.rate = -1.1 ↓ (light); cons.price.idx = 94.601 ↑ (light); job is housemaid ↓ (light)
39660,Predicted acceptance 76.2%. Key drivers: job is student ↑ (light); job is services ↓ (light); emp.var.rate = -1.8 ↓ (light); cons.price.idx = 93.876 ↑ (light); job is housemaid ↑ (light)
39610,Predicted acceptance 76.2%. Key drivers: job is student ↑ (light); job is services ↓ (light); emp.var.rate = -1.8 ↓ (light); cons.price.idx = 93.876 ↑ (light); job is housemaid ↑ (light)
39572,Predicted acceptance 76.2%. Key drivers: job is student ↑ (light); job is services ↓ (light); emp.var.rate = -1.8 ↓ (light); cons.price.idx = 93.876 ↑ (light); job is housemaid ↑ (light)
40235,Predicted acceptance 76.2%. Key drivers: job is student ↑ (light); job is services ↓ (light); emp.var.rate = -1.7 ↓ (light); cons.price.idx = 94.215 ↑ (light); job is housemaid ↑ (light)
40173,Predicted acceptance 76.2%. Key drivers: job is student ↑ (light); job is services ↓ (light); emp.var.rate = -1.7 ↓ (light); cons.price.idx = 94.215 ↑ (light); job is housemaid ↑ (light)
40131,Predicted acceptance 76.2%. Key drivers: job is student ↑ (light); job is services ↓ (light); emp.var.rate = -1.7 ↓ (light); cons.price.idx = 94.215 ↑ (light); job is housemaid ↑ (light)
40305,Predicted acceptance 76.2%. Key drivers: job is student ↑ (light); job is services ↓ (light); emp.var.rate = -1.7 ↓ (light); cons.price.idx = 94.215 ↑ (light); job is housemaid ↑ (light)
39796,Predicted acceptance 76.2%. Key drivers: job is student ↑ (medium); job is services ↓ (medium); emp.var.rate = -1.7 ↓ (light); cons.price.idx = 94.055 ↑ (light); job is housemaid ↑ (light)
40315,Predicted acceptance 76.2%. Key drivers: job is student ↑ (light); job is services ↓ (light); emp.var.rate = -1.7 ↓ (light); cons.price.idx = 94.215 ↑ (light); job is housemaid ↑ (light)
39783,Predicted acceptance 76.2%. Key drivers: job is student ↑ (light); job is services ↓ (light); emp.var.rate = -1.7 ↓ (light); cons.price.idx = 94.055 ↑ (light); feature_85 ↓ (light)
40936,Predicted acceptance 76.2%. Key drivers: job is student ↑ (light); job is services ↓ (light); cons.price.idx = 94.601 ↑ (light); emp.var.rate = -1.1 ↓ (light); job is housemaid ↓ (light)
40958,Predicted acceptance 76.2%. Key drivers: job is student ↑ (light); job is services ↓ (light); emp.var.rate = -1.1 ↓ (light); cons.price.idx = 94.601 ↑ (light); job is housemaid ↓ (light)
39802,Predicted acceptance 76.2%. Key drivers: job is services ↓ (medium); job is student ↑ (medium); emp.var.rate = -1.7 ↓ (light); cons.price.idx = 94.055 ↑ (light); job is housemaid ↑ (light)
39820,Predicted acceptance 76.2%. Key drivers: job is student ↑ (medium); job is services ↓ (medium); emp.var.rate = -1.7 ↓ (light); cons.price.idx = 94.055 ↑ (light); job is housemaid ↑ (light)
39607,Predicted acceptance 76.2%. Key drivers: job is student ↑ (light); job is services ↓ (light); emp.var.rate = -1.8 ↓ (light); cons.price.idx = 93.876 ↑ (light); job is housemaid ↑ (light)
40308,Predicted acceptance 76.2%. Key drivers: job is student ↑ (light); job is services ↓ (light); emp.var.rate = -1.7 ↓ (light); cons.price.idx = 94.215 ↑ (light); job is housemaid ↑ (light)
40123,Predicted acceptance 76.2%. Key drivers: job is student ↑ (light); job is services ↓ (light); emp.var.rate = -1.7 ↓ (light); cons.price.idx = 94.215 ↑ (light); job is housemaid ↑ (light)
39727,Predicted acceptance 76.2%. Key drivers: job is services ↓ (medium); job is student ↑ (medium); emp.var.rate = -1.8 ↓ (light); cons.price.idx = 93.876 ↑ (light); job is housemaid ↑ (light)
39745,Predicted acceptance 76.2%. Key drivers: job is student ↑ (light); job is services ↓ (light); emp.var.rate = -1.8 ↓ (light); cons.price.idx = 93.876 ↑ (light); job is housemaid ↑ (light)
41058,Predicted acceptance 76.2%. Key drivers: job is student ↑ (light); job is services ↓ (light); emp.var.rate = -1.1 ↓ (light); cons.price.idx = 94.601 ↑ (light); job is housemaid ↓ (light)
40044,Predicted acceptance 76.2%. Key drivers: job is student ↑ (light); job is services ↓ (light); emp.var.rate = -1.7 ↓ (light); cons.price.idx = 94.215 ↑ (light); job is housemaid ↑ (light)
39791,Predicted acceptance 76.2%. Key drivers: job is services ↓ (light); job is student ↑ (light); emp.var.rate = -1.7 ↓ (light); cons.price.idx = 94.055 ↑ (light); job is housemaid ↑ (light)
39619,Predicted acceptance 76.2%. Key drivers: job is student ↑ (light); job is services ↓ (light); emp.var.rate = -1.8 ↓ (light); cons.price.idx = 93.876 ↑ (light); job is housemaid ↑ (light)
40053,Predicted acceptance 76.2%. Key drivers: job is student ↑ (light); job is services ↓ (light); emp.var.rate = -1.7 ↓ (light); cons.price.idx = 94.215 ↑ (light); feature_85 ↓ (light)
39693,Predicted acceptance 76.2%. Key drivers: job is services ↓ (medium); job is student ↑ (medium); emp.var.rate = -1.8 ↓ (light); cons.price.idx = 93.876 ↑ (light); job is retired ↓ (light)
40956,Predicted acceptance 76.2%. Key drivers: job is student ↑ (light); job is services ↓ (light); emp.var.rate = -1.1 ↓ (light); cons.price.idx = 94.601 ↑ (light); job is housemaid ↓ (light)
40040,Predicted acceptance 76.2%. Key drivers: job is student ↑ (light); job is services ↓ (light); emp.var.rate = -1.7 ↓ (light); cons.price.idx = 94.215 ↑ (light); job is housemaid ↑ (light)
40115,Predicted acceptance 76.2%. Key drivers: job is student ↑ (light); job is services ↓ (light); emp.var.rate = -1.7 ↓ (light); cons.price.idx = 94.215 ↑ (light); job is housemaid ↑ (light)
39837,Predicted acceptance 76.2%. Key drivers: job is services ↓ (light); job is student ↑ (light); emp.var.rate = -1.7 ↓ (light); cons.price.idx = 94.055 ↑ (light); job is housemaid ↑ (light)
40891,Predicted acceptance 76.2%. Key drivers: job is student ↑ (light); job is services ↓ (light); emp.var.rate = -1.1 ↓ (light); cons.price.idx = 94.601 ↑ (light); job is housemaid ↓ (light)
40134,Predicted acceptance 76.2%. Key drivers: job is student ↑ (light); job is services ↓ (light); emp.var.rate = -1.7 ↓ (light); cons.price.idx = 94.215 ↑ (light); feature_85 ↓ (light)
39659,Predicted acceptance 76.2%. Key drivers: job is student ↑ (light); job is services ↓ (light); emp.var.rate = -1.8 ↓ (light); cons.price.idx = 93.876 ↑ (light); job is housemaid ↑ (light)
39880,Predicted acceptance 76.2%. Key drivers: job is services ↓ (light); job is student ↑ (light); emp.var.rate = -1.7 ↓ (light); cons.price.idx = 94.055 ↑ (light); job is housemaid ↑ (light)
40183,Predicted acceptance 76.2%. Key drivers: job is student ↑ (light); job is services ↓ (light); emp.var.rate = -1.7 ↓ (light); cons.price.idx = 94.215 ↑ (light); job is housemaid ↑ (light)
39894,Predicted acceptance 76.2%. Key drivers: job is services ↓ (light); job is student ↑ (light); emp.var.rate = -1.7 ↓ (light); cons.price.idx = 94.055 ↑ (light); job is housemaid ↑ (light)
40204,Predicted acceptance 76.2%. Key drivers: job is student ↑ (light); job is services ↓ (light); emp.var.rate = -1.7 ↓ (light); cons.price.idx = 94.215 ↑ (light); job is housemaid ↑ (light)
40929,Predicted acceptance 76.2%. Key drivers: job is student ↑ (light); job is services ↓ (light); emp.var.rate = -1.1 ↓ (light); cons.price.idx = 94.601 ↑ (light); job is housemaid ↓ (light)
39893,Predicted acceptance 76.2%. Key drivers: job is services ↓ (light); job is student ↑ (light); emp.var.rate = -1.7 ↓ (light); cons.price.idx = 94.055 ↑ (light); job is housemaid ↑ (light)
39833,Predicted acceptance 76.2%. Key drivers: job is student ↑ (light); job is services ↓ (light); emp.var.rate = -1.7 ↓ (light); cons.price.idx = 94.055 ↑ (light); feature_85 ↓ (light)
40262,Predicted acceptance 76.2%. Key drivers: job is student ↑ (light); job is services ↓ (light); emp.var.rate = -1.7 ↓ (light); cons.price.idx = 94.215 ↑ (light); job is housemaid ↑ (light)
39646,Predicted acceptance 76.2%. Key drivers: job is student ↑ (light); job is services ↓ (light); emp.var.rate = -1.8 ↓ (light); cons.price.idx = 93.876 ↑ (light); job is housemaid ↑ (light)
40278,Predicted acceptance 76.2%. Key drivers: job is student ↑ (light); job is services ↓ (light); emp.var.rate = -1.7 ↓ (light); cons.price.idx = 94.215 ↑ (light); job is housemaid ↑ (light)
41027,Predicted acceptance 76.2%. Key drivers: job is services ↓ (light); job is student ↑ (light); cons.price.idx = 94.601 ↑ (light); emp.var.rate = -1.1 ↓ (light); job is housemaid ↓ (light)
40857,Predicted acceptance 76.2%. Key drivers: job is student ↑ (light); job is services ↓ (light); emp.var.rate = -1.1 ↓ (light); cons.price.idx = 94.601 ↑ (light); job is housemaid ↓ (light)
39929,Predicted acceptance 76.2%. Key drivers: job is student ↑ (light); job is services ↓ (light); emp.var.rate = -1.7 ↓ (light); cons.price.idx = 94.055 ↑ (light); job is housemaid ↑ (light)
39871,Predicted acceptance 76.2%. Key drivers: job is student ↑ (light); job is services ↓ (light); emp.var.rate = -1.7 ↓ (light); cons.price.idx = 94.055 ↑ (light); job is housemaid ↑ (light)
40288,Predicted acceptance 76.2%. Key drivers: job is student ↑ (light); job is services ↓ (light); emp.var.rate = -1.7 ↓ (light); cons.price.idx = 94.215 ↑ (light); job is housemaid ↑ (light)
40067,Predicted acceptance 76.2%. Key drivers: job is services ↓ (medium); job is student ↑ (medium); cons.price.idx = 94.215 ↑ (light); emp.var.rate = -1.7 ↓ (light); job is housemaid ↑ (light)
40078,Predicted acceptance 76.2%. Key drivers: job is student ↑ (light); job is services ↓ (light); emp.var.rate = -1.7 ↓ (light); cons.price.idx = 94.215 ↑ (light); job is housemaid ↑ (light)
40870,Predicted acceptance 76.2%. Key drivers: job is services ↓ (light); job is student ↑ (light); cons.price.idx = 94.601 ↑ (light); emp.var.rate = -1.1 ↓ (light); job is housemaid ↓ (light)
41092,Predicted acceptance 76.2%. Key drivers: job is student ↑ (light); job is services ↓ (light); emp.var.rate = -1.1 ↓ (light); cons.price.idx = 94.767 ↑ (light); job is retired ↓ (light)
39943,Predicted acceptance 76.2%. Key drivers: job is student ↑ (light); job is services ↓ (light); emp.var.rate = -1.7 ↓ (light); cons.price.idx = 94.055 ↑ (light); job is housemaid ↑ (light)
41009,Predicted acceptance 76.2%. Key drivers: job is student ↑ (light); job is services ↓ (light); emp.var.rate = -1.1 ↓ (light); cons.price.idx = 94.601 ↑ (light); job is housemaid ↓ (light)
39830,Predicted acceptance 76.2%. Key drivers: job is student ↑ (medium); job is services ↓ (medium); emp.var.rate = -1.7 ↓ (light); cons.price.idx = 94.055 ↑ (light); job is housemaid ↑ (light)
40160,Predicted acceptance 76.2%. Key drivers: job is student ↑ (light); job is services ↓ (light); emp.var.rate = -1.7 ↓ (light); cons.price.idx = 94.215 ↑ (light); job is housemaid ↑ (light)
40866,Predicted acceptance 76.2%. Key drivers: job is student ↑ (light); job is services ↓ (light); emp.var.rate = -1.1 ↓ (light); cons.price.idx = 94.601 ↑ (light); job is housemaid ↓ (light)
39574,Predicted acceptance 76.2%. Key drivers: job is student ↑ (light); job is services ↓ (light); emp.var.rate = -1.8 ↓ (light); cons.price.idx = 93.876 ↑ (light); job is housemaid ↑ (light)
40026,Predicted acceptance 76.2%. Key drivers: job is student ↑ (light); job is services ↓ (light); emp.var.rate = -1.7 ↓ (light); cons.price.idx = 94.215 ↑ (light); job is housemaid ↑ (light)
40286,Predicted acceptance 76.2%. Key drivers: job is student ↑ (light); job is services ↓ (light); emp.var.rate = -1.7 ↓ (light); cons.price.idx = 94.215 ↑ (light); job is housemaid ↑ (light)
40166,Predicted acceptance 76.2%. Key drivers: job is student ↑ (medium); job is services ↓ (medium); emp.var.rate = -1.7 ↓ (light); cons.price.idx = 94.215 ↑ (light); job is management ↓ (light)
40177,Predicted acceptance 76.2%. Key drivers: job is student ↑ (light); job is services ↓ (light); emp.var.rate = -1.7 ↓ (light); cons.price.idx = 94.215 ↑ (light); job is housemaid ↑ (light)
39654,Predicted acceptance 76.2%. Key drivers: job is student ↑ (light); job is services ↓ (light); emp.var.rate = -1.8 ↓ (light); cons.price.idx = 93.876 ↑ (light); feature_85 ↓ (light)
39640,Predicted acceptance 76.2%. Key drivers: job is services ↓ (light); job is student ↑ (light); emp.var.rate = -1.8 ↓ (light); cons.price.idx = 93.876 ↑ (light); job is housemaid ↑ (light)
39124,Predicted acceptance 71.2%. Key drivers: job is services ↓ (light); job is student ↑ (light); emp.var.rate = -3.0 ↓ (light); cons.price.idx = 92.713 ↑ (light); job is retired ↓ (light)
37954,Predicted acceptance 71.2%. Key drivers: job is services ↓ (light); job is student ↑ (light); emp.var.rate = -3.4 ↓ (light); cons.price.idx = 92.379 ↑ (light); feature_111 ↑ (light)
38755,Predicted acceptance 71.2%. Key drivers: job is student ↑ (light); job is services ↓ (light); emp.var.rate = -3.4 ↓ (light); cons.price.idx = 92.649 ↑ (light); job is retired ↓ (light)
38034,Predicted acceptance 71.2%. Key drivers: job is student ↑ (light); job is services ↓ (light); emp.var.rate = -3.4 ↓ (light); cons.price.idx = 92.379 ↑ (light); feature_111 ↑ (light)
38438,Predicted acceptance 71.2%. Key drivers: job is student ↑ (light); job is services ↓ (light); emp.var.rate = -3.4 ↓ (light); cons.price.idx = 92.431 ↑ (light); job is retired ↓ (light)
38746,Predicted acceptance 71.2%. Key drivers: job is student ↑ (light); job is services ↓ (light); emp.var.rate = -3.4 ↓ (light); cons.price.idx = 92.649 ↑ (light); job is retired ↓ (light)
38810,Predicted acceptance 71.2%. Key drivers: job is student ↑ (light); job is services ↓ (light); emp.var.rate = -3.4 ↓ (light); cons.price.idx = 92.649 ↑ (light); job is retired ↓ (light)
38486,Predicted acceptance 71.2%. Key drivers: job is services ↓ (light); job is student ↑ (light); emp.var.rate = -3.4 ↓ (light); cons.price.idx = 92.431 ↑ (light); job is retired ↓ (light)
38710,Predicted acceptance 71.2%. Key drivers: job is student ↑ (light); job is services ↓ (light); emp.var.rate = -3.4 ↓ (light); cons.price.idx = 92.649 ↑ (light); job is retired ↓ (light)
38079,Predicted acceptance 71.2%. Key drivers: job is student ↑ (light); job is services ↓ (light); emp.var.rate = -3.4 ↓ (light); cons.price.idx = 92.379 ↑ (light); feature_111 ↑ (light)
38911,Predicted acceptance 71.2%. Key drivers: job is student ↑ (light); job is services ↓ (light); emp.var.rate = -3.4 ↓ (light); cons.price.idx = 92.649 ↑ (light); job is retired ↓ (light)
38342,Predicted acceptance 71.2%. Key drivers: job is student ↑ (light); job is services ↓ (light); emp.var.rate = -3.4 ↓ (light); cons.price.idx = 92.431 ↑ (light); feature_111 ↑ (light)
38898,Predicted acceptance 71.2%. Key drivers: job is student ↑ (light); job is services ↓ (light); emp.var.rate = -3.4 ↓ (light); cons.price.idx = 92.649 ↑ (light); job is retired ↓ (light)
38819,Predicted acceptance 71.2%. Key drivers: job is student ↑ (light); job is services ↓ (light); emp.var.rate = -3.4 ↓ (light); cons.price.idx = 92.649 ↑ (light); job is retired ↓ (light)
39023,Predicted acceptance 71.2%. Key drivers: job is student ↑ (light); job is services ↓ (light); emp.var.rate = -3.0 ↓ (light); cons.price.idx = 92.713 ↑ (light); job is retired ↓ (light)
38828,Predicted acceptance 71.2%. Key drivers: job is student ↑ (light); job is services ↓ (light); emp.var.rate = -3.4 ↓ (light); cons.price.idx = 92.649 ↑ (light); job is retired ↓ (light)
38047,Predicted acceptance 71.2%. Key drivers: job is student ↑ (light); job is services ↓ (light); emp.var.rate = -3.4 ↓ (light); cons.price.idx = 92.379 ↑ (light); feature_111 ↑ (light)
38827,Predicted acceptance 71.2%. Key drivers: job is student ↑ (light); job is services ↓ (light); emp.var.rate = -3.4 ↓ (light); cons.price.idx = 92.649 ↑ (light); job is retired ↓ (light)
37931,Predicted acceptance 71.2%. Key drivers: job is student ↑ (light); job is services ↓ (light); emp.var.rate = -3.4 ↓ (light); cons.price.idx = 92.379 ↑ (light); feature_111 ↑ (light)
38973,Predicted acceptance 71.2%. Key drivers: job is student ↑ (light); job is services ↓ (light); emp.var.rate = -3.0 ↓ (light); cons.price.idx = 92.713 ↑ (light); job is retired ↓ (light)
38967,Predicted acceptance 71.2%. Key drivers: job is services ↓ (light); job is student ↑ (light); emp.var.rate = -3.0 ↓ (light); cons.price.idx = 92.713 ↑ (light); job is retired ↓ (light)
38182,Predicted acceptance 71.2%. Key drivers: job is student ↑ (light); job is services ↓ (light); emp.var.rate = -3.4 ↓ (light); cons.price.idx = 92.431 ↑ (light); feature_111 ↑ (light)
38901,Predicted acceptance 71.2%. Key drivers: job is student ↑ (light); job is services ↓ (light); emp.var.rate = -3.4 ↓ (light); cons.price.idx = 92.649 ↑ (light); job is retired ↓ (light)
38575,Predicted acceptance 71.2%. Key drivers: job is student ↑ (light); job is services ↓ (light); emp.var.rate = -3.4 ↓ (light); cons.price.idx = 92.431 ↑ (light); job is retired ↓ (light)
38165,Predicted acceptance 71.2%. Key drivers: job is student ↑ (light); job is services ↓ (light); emp.var.rate = -3.4 ↓ (light); cons.price.idx = 92.431 ↑ (light); feature_111 ↑ (light)
38432,Predicted acceptance 71.2%. Key drivers: job is student ↑ (light); job is services ↓ (light); emp.var.rate = -3.4 ↓ (light); cons.price.idx = 92.431 ↑ (light); job is retired ↓ (light)
38718,Predicted acceptance 71.2%. Key drivers: job is student ↑ (light); job is services ↓ (light); emp.var.rate = -3.4 ↓ (light); cons.price.idx = 92.649 ↑ (light); job is retired ↓ (light)
38287,Predicted acceptance 71.2%. Key drivers: job is student ↑ (light); job is services ↓ (light); emp.var.rate = -3.4 ↓ (light); cons.price.idx = 92.431 ↑ (light); feature_111 ↑ (light)
39048,Predicted acceptance 71.2%. Key drivers: job is student ↑ (light); job is services ↓ (light); emp.var.rate = -3.0 ↓ (light); cons.price.idx = 92.713 ↑ (light); job is retired ↓ (light)
38726,Predicted acceptance 71.2%. Key drivers: job is student ↑ (light); job is services ↓ (light); emp.var.rate = -3.4 ↓ (light); cons.price.idx = 92.649 ↑ (light); job is retired ↓ (light)
37907,Predicted acceptance 71.2%. Key drivers: job is student ↑ (medium); job is services ↓ (medium); emp.var.rate = -3.4 ↓ (light); cons.price.idx = 92.379 ↑ (light); job is self-employed ↑ (light)
38106,Predicted acceptance 71.2%. Key drivers: job is student ↑ (light); job is services ↓ (light); emp.var.rate = -3.4 ↓ (light); cons.price.idx = 92.379 ↑ (light); feature_111 ↑ (light)
38716,Predicted acceptance 71.2%. Key drivers: job is student ↑ (light); job is services ↓ (light); emp.var.rate = -3.4 ↓ (light); cons.price.idx = 92.649 ↑ (light); job is retired ↓ (light)
38974,Predicted acceptance 71.2%. Key drivers: job is student ↑ (light); job is services ↓ (light); emp.var.rate = -3.0 ↓ (light); cons.price.idx = 92.713 ↑ (light); job is retired ↓ (light)
37998,Predicted acceptance 71.2%. Key drivers: job is services ↓ (light); job is student ↑ (light); emp.var.rate = -3.4 ↓ (light); cons.price.idx = 92.379 ↑ (light); feature_111 ↑ (light)
38442,Predicted acceptance 71.2%. Key drivers: job is student ↑ (light); job is services ↓ (light); emp.var.rate = -3.4 ↓ (light); cons.price.idx = 92.431 ↑ (light); job is retired ↓ (light)
38071,Predicted acceptance 71.2%. Key drivers: job is services ↓ (light); job is student ↑ (light); emp.var.rate = -3.4 ↓ (light); cons.price.idx = 92.379 ↑ (light); feature_111 ↑ (light)
38008,Predicted acceptance 71.2%. Key drivers: job is student ↑ (light); job is services ↓ (light); emp.var.rate = -3.4 ↓ (light); cons.price.idx = 92.379 ↑ (light); feature_111 ↑ (light)
38033,Predicted acceptance 71.2%. Key drivers: job is services ↓ (light); job is student ↑ (light); emp.var.rate = -3.4 ↓ (light); cons.price.idx = 92.379 ↑ (light); feature_111 ↑ (light)
38269,Predicted acceptance 71.2%. Key drivers: job is student ↑ (light); job is services ↓ (light); emp.var.rate = -3.4 ↓ (light); cons.price.idx = 92.431 ↑ (light); feature_111 ↑ (light)
38154,Predicted acceptance 71.2%. Key drivers: job is student ↑ (light); job is services ↓ (light); emp.var.rate = -3.4 ↓ (light); cons.price.idx = 92.431 ↑ (light); feature_111 ↑ (light)
38487,Predicted acceptance 71.2%. Key drivers: job is services ↓ (light); job is student ↑ (light); emp.var.rate = -3.4 ↓ (light); cons.price.idx = 92.431 ↑ (light); job is retired ↓ (light)
38687,Predicted acceptance 71.2%. Key drivers: job is student ↑ (light); job is services ↓ (light); emp.var.rate = -3.4 ↓ (light); cons.price.idx = 92.649 ↑ (light); job is retired ↓ (light)
38682,Predicted acceptance 71.2%. Key drivers: job is student ↑ (light); job is services ↓ (light); emp.var.rate = -3.4 ↓ (light); cons.price.idx = 92.649 ↑ (light); job is retired ↓ (light)
38722,Predicted acceptance 71.2%. Key drivers: job is student ↑ (light); job is services ↓ (light); emp.var.rate = -3.4 ↓ (light); cons.price.idx = 92.649 ↑ (light); job is retired ↓ (light)
38644,Predicted acceptance 71.2%. Key drivers: job is student ↑ (light); job is services ↓ (light); emp.var.rate = -3.4 ↓ (light); cons.price.idx = 92.649 ↑ (light); job is retired ↓ (light)
38461,Predicted acceptance 71.2%. Key drivers: job is services ↓ (light); job is student ↑ (light); emp.var.rate = -3.4 ↓ (light); cons.price.idx = 92.431 ↑ (light); job is retired ↓ (light)
38903,Predicted acceptance 71.2%. Key drivers: job is student ↑ (light); job is services ↓ (light); emp.var.rate = -3.4 ↓ (light); cons.price.idx = 92.649 ↑ (light); job is retired ↓ (light)
38539,Predicted acceptance 71.2%. Key drivers: job is services ↓ (light); job is student ↑ (light); emp.var.rate = -3.4 ↓ (light); cons.price.idx = 92.431 ↑ (light); job is retired ↓ (light)
38319,Predicted acceptance 71.2%. Key drivers: job is student ↑ (light); job is services ↓ (light); emp.var.rate = -3.4 ↓ (light); cons.price.idx = 92.431 ↑ (light); job is retired ↓ (light)
38428,Predicted acceptance 71.2%. Key drivers: job is student ↑ (light); job is services ↓ (light); emp.var.rate = -3.4 ↓ (light); cons.price.idx = 92.431 ↑ (light); job is retired ↓ (light)
38316,Predicted acceptance 71.2%. Key drivers: job is services ↓ (light); job is student ↑ (light); emp.var.rate = -3.4 ↓ (light); cons.price.idx = 92.431 ↑ (light); feature_111 ↑ (light)
38798,Predicted acceptance 71.2%. Key drivers: job is student ↑ (light); job is services ↓ (light); emp.var.rate = -3.4 ↓ (light); cons.price.idx = 92.649 ↑ (light); job is retired ↓ (light)
38758,Predicted acceptance 71.2%. Key drivers: job is student ↑ (light); job is services ↓ (light); emp.var.rate = -3.4 ↓ (light); cons.price.idx = 92.649 ↑ (light); job is retired ↓ (light)
38561,Predicted acceptance 71.2%. Key drivers: job is services ↓ (light); job is student ↑ (light); emp.var.rate = -3.4 ↓ (light); cons.price.idx = 92.431 ↑ (light); job is retired ↓ (light)
38823,Predicted acceptance 71.2%. Key drivers: job is student ↑ (light); job is services ↓ (light); emp.var.rate = -3.4 ↓ (light); cons.price.idx = 92.649 ↑ (light); job is retired ↓ (light)
37893,Predicted acceptance 71.2%. Key drivers: job is student ↑ (medium); job is services ↓ (medium); emp.var.rate = -3.4 ↓ (light); cons.price.idx = 92.379 ↑ (light); feature_85 ↓ (light)
38037,Predicted acceptance 71.2%. Key drivers: job is student ↑ (light); job is services ↓ (light); emp.var.rate = -3.4 ↓ (light); cons.price.idx = 92.379 ↑ (light); feature_111 ↑ (light)
38158,Predicted acceptance 71.2%. Key drivers: job is student ↑ (light); job is services ↓ (light); emp.var.rate = -3.4 ↓ (light); cons.price.idx = 92.431 ↑ (light); feature_111 ↑ (light)
38114,Predicted acceptance 71.2%. Key drivers: job is student ↑ (light); job is services ↓ (light); emp.var.rate = -3.4 ↓ (light); cons.price.idx = 92.379 ↑ (light); feature_111 ↑ (light)
38148,Predicted acceptance 71.2%. Key drivers: job is services ↓ (light); job is student ↑ (light); emp.var.rate = -3.4 ↓ (light); cons.price.idx = 92.379 ↑ (light); feature_111 ↑ (light)
38796,Predicted acceptance 71.2%. Key drivers: job is student ↑ (light); job is services ↓ (light); emp.var.rate = -3.4 ↓ (light); cons.price.idx = 92.649 ↑ (light); job is retired ↓ (light)
39129,Predicted acceptance 71.2%. Key drivers: job is services ↓ (light); job is student ↑ (light); emp.var.rate = -3.0 ↓ (light); cons.price.idx = 92.713 ↑ (light); job is retired ↓ (light)
38491,Predicted acceptance 71.2%. Key drivers: job is services ↓ (light); job is student ↑ (light); emp.var.rate = -3.4 ↓ (light); cons.price.idx = 92.431 ↑ (light); job is retired ↓ (light)
38805,Predicted acceptance 71.2%. Key drivers: job is student ↑ (light); job is services ↓ (light); emp.var.rate = -3.4 ↓ (light); cons.price.idx = 92.649 ↑ (light); job is retired ↓ (light)
38800,Predicted acceptance 71.2%. Key drivers: job is student ↑ (light); job is services ↓ (light); emp.var.rate = -3.4 ↓ (light); cons.price.idx = 92.649 ↑ (light); job is retired ↓ (light)
38727,Predicted acceptance 71.2%. Key drivers: job is student ↑ (light); job is services ↓ (light); emp.var.rate = -3.4 ↓ (light); cons.price.idx = 92.649 ↑ (light); job is retired ↓ (light)
38084,Predicted acceptance 71.2%. Key drivers: job is student ↑ (light); job is services ↓ (light); emp.var.rate = -3.4 ↓ (light); cons.price.idx = 92.379 ↑ (light); feature_111 ↑ (light)
38000,Predicted acceptance 71.2%. Key drivers: job is student ↑ (light); job is services ↓ (light); emp.var.rate = -3.4 ↓ (light); cons.price.idx = 92.379 ↑ (light); feature_111 ↑ (light)
38817,Predicted acceptance 71.2%. Key drivers: job is student ↑ (light); job is services ↓ (light); emp.var.rate = -3.4 ↓ (light); cons.price.idx = 92.649 ↑ (light); job is retired ↓ (light)
38011,Predicted acceptance 71.2%. Key drivers: job is student ↑ (light); job is services ↓ (light); emp.var.rate = -3.4 ↓ (light); cons.price.idx = 92.379 ↑ (light); feature_111 ↑ (light)
41183,Predicted acceptance 63.1%. Key drivers: job is services ↓ (light); job is student ↑ (light); job is housemaid ↓ (light); job is management ↑ (light); job is admin. ↑ (light)
40952,Predicted acceptance 63.1%. Key drivers: job is student ↑ (light); job is services ↓ (light); job is housemaid ↓ (light); job is management ↑ (light); job is admin. ↑ (light)
39346,Predicted acceptance 63.1%. Key drivers: job is student ↑ (light); job is services ↓ (light); nr.employed = 5008.7 ↓ (light); job is admin. ↑ (light); emp.var.rate = -1.8 ↑ (light)
39925,Predicted acceptance 63.1%. Key drivers: job is student ↑ (light); job is services ↓ (light); job is admin. ↑ (light); nr.employed = 4991.6 ↓ (light); feature_118 ↓ (light)
40405,Predicted acceptance 63.1%. Key drivers: job is student ↑ (light); job is services ↓ (light); job is admin. ↑ (light); nr.employed = 4991.6 ↓ (light); feature_119 ↑ (light)
40681,Predicted acceptance 63.1%. Key drivers: job is student ↑ (light); job is services ↓ (light); job is admin. ↑ (light); nr.employed = 4963.6 ↓ (light); emp.var.rate = -1.1 ↑ (light)
40751,Predicted acceptance 63.1%. Key drivers: job is student ↑ (light); job is services ↓ (light); job is admin. ↑ (light); nr.employed = 4963.6 ↓ (light); emp.var.rate = -1.1 ↑ (light)
41158,Predicted acceptance 63.1%. Key drivers: job is services ↓ (light); job is student ↑ (light); job is housemaid ↓ (light); job is management ↑ (light); job is admin. ↑ (light)
39246,Predicted acceptance 63.1%. Key drivers: job is student ↑ (light); job is services ↓ (light); nr.employed = 5008.7 ↓ (light); job is admin. ↑ (light); emp.var.rate = -1.8 ↑ (light)
39137,Predicted acceptance 63.1%. Key drivers: job is student ↑ (light); job is services ↓ (light); nr.employed = 5008.7 ↓ (light); job is admin. ↑ (light); emp.var.rate = -1.8 ↑ (light)
40934,Predicted acceptance 63.1%. Key drivers: job is services ↓ (light); job is student ↑ (light); job is housemaid ↓ (light); job is management ↑ (light); job is admin. ↑ (light)
39702,Predicted acceptance 63.1%. Key drivers: job is student ↑ (light); job is services ↓ (light); nr.employed = 5008.7 ↓ (light); job is admin. ↑ (light); feature_118 ↓ (light)
40960,Predicted acceptance 63.1%. Key drivers: job is student ↑ (light); job is services ↓ (light); job is housemaid ↓ (light); job is management ↑ (light); job is admin. ↑ (light)
40318,Predicted acceptance 63.1%. Key drivers: job is student ↑ (light); job is services ↓ (light); job is admin. ↑ (light); nr.employed = 4991.6 ↓ (light); feature_119 ↑ (light)
39847,Predicted acceptance 63.1%. Key drivers: job is student ↑ (light); job is services ↓ (light); nr.employed = 4991.6 ↓ (light); job is admin. ↑ (light); feature_118 ↓ (light)
40812,Predicted acceptance 63.1%. Key drivers: job is student ↑ (light); job is services ↓ (light); job is admin. ↑ (light); nr.employed = 4963.6 ↓ (light); emp.var.rate = -1.1 ↑ (light)
39888,Predicted acceptance 63.1%. Key drivers: job is student ↑ (medium); job is services ↓ (medium); nr.employed = 4991.6 ↓ (light); job is admin. ↑ (light); feature_118 ↓ (light)
41041,Predicted acceptance 63.1%. Key drivers: job is services ↓ (light); job is student ↑ (light); job is housemaid ↓ (light); job is management ↑ (light); job is admin. ↑ (light)
39245,Predicted acceptance 63.1%. Key drivers: job is student ↑ (light); job is services ↓ (light); nr.employed = 5008.7 ↓ (light); job is admin. ↑ (light); emp.var.rate = -1.8 ↑ (light)
39342,Predicted acceptance 63.1%. Key drivers: job is services ↓ (light); job is student ↑ (light); nr.employed = 5008.7 ↓ (light); job is admin. ↑ (light); emp.var.rate = -1.8 ↑ (light)
39972,Predicted acceptance 63.1%. Key drivers: job is student ↑ (light); job is services ↓ (light); job is admin. ↑ (light); nr.employed = 4991.6 ↓ (light); feature_118 ↓ (light)
40928,Predicted acceptance 63.1%. Key drivers: job is services ↓ (light); job is student ↑ (light); job is housemaid ↓ (light); job is management ↑ (light); job is admin. ↑ (light)
41134,Predicted acceptance 63.1%. Key drivers: job is services ↓ (light); job is student ↑ (light); job is housemaid ↓ (light); job is management ↑ (light); job is admin. ↑ (light)
40557,Predicted acceptance 63.1%. Key drivers: job is student ↑ (light); job is services ↓ (light); job is admin. ↑ (light); nr.employed = 4963.6 ↓ (light); feature_119 ↑ (light)
39692,Predicted acceptance 63.1%. Key drivers: job is services ↓ (light); job is student ↑ (light); nr.employed = 5008.7 ↓ (light); job is admin. ↑ (light); feature_118 ↓ (light)
39957,Predicted acceptance 63.1%. Key drivers: job is student ↑ (light); job is services ↓ (light); job is admin. ↑ (light); nr.employed = 4991.6 ↓ (light); feature_118 ↓ (light)
40823,Predicted acceptance 63.1%. Key drivers: job is student ↑ (light); job is services ↓ (light); job is admin. ↑ (light); nr.employed = 4963.6 ↓ (light); emp.var.rate = -1.1 ↑ (light)
40411,Predicted acceptance 63.1%. Key drivers: job is student ↑ (light); job is services ↓ (light); job is admin. ↑ (light); nr.employed = 4991.6 ↓ (light); feature_119 ↑ (light)
40138,Predicted acceptance 63.1%. Key drivers: job is student ↑ (light); job is services ↓ (light); job is admin. ↑ (light); nr.employed = 4991.6 ↓ (light); feature_118 ↓ (light)
39234,Predicted acceptance 63.1%. Key drivers: job is student ↑ (light); job is services ↓ (light); nr.employed = 5008.7 ↓ (light); job is admin. ↑ (light); emp.var.rate = -1.8 ↑ (light)
40082,Predicted acceptance 63.1%. Key drivers: job is student ↑ (light); job is services ↓ (light); job is admin. ↑ (light); nr.employed = 4991.6 ↓ (light); feature_118 ↓ (light)
40378,Predicted acceptance 63.1%. Key drivers: job is student ↑ (light); job is services ↓ (light); job is admin. ↑ (light); nr.employed = 4991.6 ↓ (light); feature_119 ↑ (light)
39477,Predicted acceptance 63.1%. Key drivers: job is services ↓ (light); job is student ↑ (light); nr.employed = 5008.7 ↓ (light); job is admin. ↑ (light); emp.var.rate = -1.8 ↑ (light)
40722,Predicted acceptance 63.1%. Key drivers: job is student ↑ (light); job is services ↓ (light); job is admin. ↑ (light); nr.employed = 4963.6 ↓ (light); emp.var.rate = -1.1 ↑ (light)
40120,Predicted acceptance 63.1%. Key drivers: job is student ↑ (light); job is services ↓ (light); job is admin. ↑ (light); nr.employed = 4991.6 ↓ (light); feature_118 ↓ (light)
39770,Predicted acceptance 63.1%. Key drivers: job is student ↑ (light); job is services ↓ (light); nr.employed = 5008.7 ↓ (light); job is admin. ↑ (light); feature_118 ↓ (light)
40347,Predicted acceptance 63.1%. Key drivers: job is student ↑ (light); job is services ↓ (light); job is admin. ↑ (light); nr.employed = 4991.6 ↓ (light); feature_119 ↑ (light)
39142,Predicted acceptance 63.1%. Key drivers: job is student ↑ (light); job is services ↓ (light); nr.employed = 5008.7 ↓ (light); job is admin. ↑ (light); emp.var.rate = -1.8 ↑ (light)
39889,Predicted acceptance 63.1%. Key drivers: job is student ↑ (medium); job is services ↓ (medium); nr.employed = 4991.6 ↓ (light); job is admin. ↑ (light); feature_118 ↓ (light)
39454,Predicted acceptance 63.1%. Key drivers: job is student ↑ (light); job is services ↓ (light); nr.employed = 5008.7 ↓ (light); job is admin. ↑ (light); emp.var.rate = -1.8 ↑ (light)
39289,Predicted acceptance 63.1%. Key drivers: job is student ↑ (light); job is services ↓ (light); nr.employed = 5008.7 ↓ (light); job is admin. ↑ (light); emp.var.rate = -1.8 ↑ (light)
39684,Predicted acceptance 63.1%. Key drivers: job is services ↓ (light); job is student ↑ (light); nr.employed = 5008.7 ↓ (light); job is admin. ↑ (light); feature_118 ↓ (light)
40453,Predicted acceptance 63.1%. Key drivers: job is student ↑ (light); job is services ↓ (light); job is admin. ↑ (light); nr.employed = 4991.6 ↓ (light); feature_119 ↑ (light)
40795,Predicted acceptance 63.1%. Key drivers: job is student ↑ (light); job is services ↓ (light); job is admin. ↑ (light); nr.employed = 4963.6 ↓ (light); emp.var.rate = -1.1 ↑ (light)
40905,Predicted acceptance 63.1%. Key drivers: job is services ↓ (light); job is student ↑ (light); job is housemaid ↓ (light); job is management ↑ (light); job is admin. ↑ (light)
39181,Predicted acceptance 63.1%. Key drivers: job is student ↑ (light); job is services ↓ (light); nr.employed = 5008.7 ↓ (light); job is admin. ↑ (light); emp.var.rate = -1.8 ↑ (light)
40564,Predicted acceptance 63.1%. Key drivers: job is student ↑ (light); job is services ↓ (light); job is admin. ↑ (light); nr.employed = 4963.6 ↓ (light); feature_119 ↑ (light)
41119,Predicted acceptance 63.1%. Key drivers: job is services ↓ (light); job is student ↑ (light); job is housemaid ↓ (light); job is management ↑ (light); job is admin. ↑ (light)
40981,Predicted acceptance 63.1%. Key drivers: job is services ↓ (light); job is student ↑ (light); job is housemaid ↓ (light); job is management ↑ (light); job is admin. ↑ (light)
41071,Predicted acceptance 63.1%. Key drivers: job is services ↓ (light); job is student ↑ (light); job is housemaid ↓ (light); job is management ↑ (light); job is admin. ↑ (light)
39223,Predicted acceptance 63.1%. Key drivers: job is student ↑ (light); job is services ↓ (light); nr.employed = 5008.7 ↓ (light); job is admin. ↑ (light); emp.var.rate = -1.8 ↑ (light)
39287,Predicted acceptance 63.1%. Key drivers: job is student ↑ (light); job is services ↓ (light); nr.employed = 5008.7 ↓ (light); job is admin. ↑ (light); emp.var.rate = -1.8 ↑ (light)
40392,Predicted acceptance 63.1%. Key drivers: job is student ↑ (light); job is services ↓ (light); job is admin. ↑ (light); nr.employed = 4991.6 ↓ (light); feature_119 ↑ (light)
39359,Predicted acceptance 63.1%. Key drivers: job is student ↑ (light); job is services ↓ (light); nr.employed = 5008.7 ↓ (light); job is admin. ↑ (light); emp.var.rate = -1.8 ↑ (light)
41061,Predicted acceptance 63.1%. Key drivers: job is services ↓ (light); job is student ↑ (light); job is housemaid ↓ (light); job is management ↑ (light); job is admin. ↑ (light)
41050,Predicted acceptance 63.1%. Key drivers: job is services ↓ (light); job is student ↑ (light); job is housemaid ↓ (light); job is management ↑ (light); job is admin. ↑ (light)
41091,Predicted acceptance 63.1%. Key drivers: job is student ↑ (light); job is services ↓ (light); job is housemaid ↓ (light); job is management ↑ (light); job is admin. ↑ (light)
39182,Predicted acceptance 63.1%. Key drivers: job is student ↑ (light); job is services ↓ (light); nr.employed = 5008.7 ↓ (light); job is admin. ↑ (light); emp.var.rate = -1.8 ↑ (light)
41130,Predicted acceptance 63.1%. Key drivers: job is student ↑ (light); job is services ↓ (light); job is housemaid ↓ (light); job is management ↑ (light); job is admin. ↑ (light)
39914,Predicted acceptance 63.1%. Key drivers: job is student ↑ (light); job is services ↓ (light); job is admin. ↑ (light); nr.employed = 4991.6 ↓ (light); feature_118 ↓ (light)
39337,Predicted acceptance 63.1%. Key drivers: job is student ↑ (light); job is services ↓ (light); nr.employed = 5008.7 ↓ (light); job is admin. ↑ (light); emp.var.rate = -1.8 ↑ (light)
40101,Predicted acceptance 63.1%. Key drivers: job is services ↓ (light); job is student ↑ (light); job is admin. ↑ (light); nr.employed = 4991.6 ↓ (light); feature_118 ↓ (light)
36588,Predicted acceptance 57.6%. Key drivers: job is student ↑ (light); job is services ↓ (light); emp.var.rate = -2.9 ↓ (light); cons.price.idx = 92.963 ↑ (light); nr.employed = 5076.2 ↑ (light)
37103,Predicted acceptance 57.6%. Key drivers: job is student ↑ (light); job is services ↓ (light); emp.var.rate = -2.9 ↓ (light); cons.price.idx = 92.469 ↑ (light); previous = 1 ↓ (light)
37473,Predicted acceptance 57.6%. Key drivers: job is student ↑ (light); job is services ↓ (light); emp.var.rate = -2.9 ↓ (light); cons.price.idx = 92.201 ↑ (light); job is retired ↓ (light)
37169,Predicted acceptance 57.6%. Key drivers: job is student ↑ (light); job is services ↓ (light); emp.var.rate = -2.9 ↓ (light); cons.price.idx = 92.201 ↑ (light); job is retired ↓ (light)
37400,Predicted acceptance 57.6%. Key drivers: job is student ↑ (light); job is services ↓ (light); emp.var.rate = -2.9 ↓ (light); cons.price.idx = 92.201 ↑ (light); nr.employed = 5076.2 ↑ (light)
36468,Predicted acceptance 57.6%. Key drivers: job is student ↑ (light); job is services ↓ (light); emp.var.rate = -2.9 ↓ (light); cons.price.idx = 92.963 ↑ (light); job is retired ↓ (light)
37792,Predicted acceptance 57.6%. Key drivers: job is student ↑ (light); job is services ↓ (light); emp.var.rate = -2.9 ↓ (light); cons.price.idx = 92.201 ↑ (light); job is retired ↓ (light)
37764,Predicted acceptance 57.6%. Key drivers: job is student ↑ (light); job is services ↓ (light); emp.var.rate = -2.9 ↓ (light); cons.price.idx = 92.201 ↑ (light); nr.employed = 5076.2 ↑ (light)
37245,Predicted acceptance 57.6%. Key drivers: job is student ↑ (light); job is services ↓ (light); emp.var.rate = -2.9 ↓ (light); cons.price.idx = 92.201 ↑ (light); nr.employed = 5076.2 ↑ (light)
37753,Predicted acceptance 57.6%. Key drivers: job is student ↑ (light); job is services ↓ (light); emp.var.rate = -2.9 ↓ (light); cons.price.idx = 92.201 ↑ (light); job is retired ↓ (light)
36971,Predicted acceptance 57.6%. Key drivers: job is student ↑ (light); job is services ↓ (light); emp.var.rate = -2.9 ↓ (light); cons.price.idx = 92.469 ↑ (light); job is self-employed ↑ (light)
37726,Predicted acceptance 57.6%. Key drivers: job is student ↑ (light); job is services ↓ (light); emp.var.rate = -2.9 ↓ (light); cons.price.idx = 92.201 ↑ (light); job is retired ↓ (light)
37121,Predicted acceptance 57.6%. Key drivers: job is student ↑ (light); job is services ↓ (light); emp.var.rate = -2.9 ↓ (light); cons.price.idx = 92.201 ↑ (light); nr.employed = 5076.2 ↑ (light)
36760,Predicted acceptance 57.6%. Key drivers: job is student ↑ (light); job is services ↓ (light); emp.var.rate = -2.9 ↓ (light); cons.price.idx = 92.963 ↑ (light); job is retired ↓ (light)
37146,Predicted acceptance 57.6%. Key drivers: job is student ↑ (light); job is services ↓ (light); emp.var.rate = -2.9 ↓ (light); cons.price.idx = 92.201 ↑ (light); job is retired ↓ (light)
36564,Predicted acceptance 57.6%. Key drivers: job is student ↑ (light); job is services ↓ (light); emp.var.rate = -2.9 ↓ (light); cons.price.idx = 92.963 ↑ (light); nr.employed = 5076.2 ↑ (light)
37264,Predicted acceptance 57.6%. Key drivers: job is student ↑ (light); job is services ↓ (light); emp.var.rate = -2.9 ↓ (light); cons.price.idx = 92.201 ↑ (light); nr.employed = 5076.2 ↑ (light)
36681,Predicted acceptance 57.6%. Key drivers: job is services ↓ (light); job is student ↑ (light); emp.var.rate = -2.9 ↓ (light); cons.price.idx = 92.963 ↑ (light); nr.employed = 5076.2 ↑ (light)
36989,Predicted acceptance 57.6%. Key drivers: job is student ↑ (light); job is services ↓ (light); emp.var.rate = -2.9 ↓ (light); cons.price.idx = 92.469 ↑ (light); job is self-employed ↑ (light)
37761,Predicted acceptance 57.6%. Key drivers: job is student ↑ (light); job is services ↓ (light); emp.var.rate = -2.9 ↓ (light); cons.price.idx = 92.201 ↑ (light); job is retired ↓ (light)
37693,Predicted acceptance 57.6%. Key drivers: job is student ↑ (light); job is services ↓ (light); emp.var.rate = -2.9 ↓ (light); cons.price.idx = 92.201 ↑ (light); nr.employed = 5076.2 ↑ (light)
36542,Predicted acceptance 57.6%. Key drivers: job is services ↓ (light); job is student ↑ (light); emp.var.rate = -2.9 ↓ (light); cons.price.idx = 92.963 ↑ (light); nr.employed = 5076.2 ↑ (light)
37452,Predicted acceptance 57.6%. Key drivers: job is student ↑ (light); job is services ↓ (light); emp.var.rate = -2.9 ↓ (light); cons.price.idx = 92.201 ↑ (light); nr.employed = 5076.2 ↑ (light)
37417,Predicted acceptance 57.6%. Key drivers: job is student ↑ (light); job is services ↓ (light); emp.var.rate = -2.9 ↓ (light); cons.price.idx = 92.201 ↑ (light); nr.employed = 5076.2 ↑ (light)
37495,Predicted acceptance 57.6%. Key drivers: job is student ↑ (light); job is services ↓ (light); emp.var.rate = -2.9 ↓ (light); cons.price.idx = 92.201 ↑ (light); job is retired ↓ (light)
37251,Predicted acceptance 57.6%. Key drivers: job is student ↑ (light); job is services ↓ (light); emp.var.rate = -2.9 ↓ (light); cons.price.idx = 92.201 ↑ (light); nr.employed = 5076.2 ↑ (light)
37708,Predicted acceptance 57.6%. Key drivers: job is student ↑ (light); job is services ↓ (light); emp.var.rate = -2.9 ↓ (light); cons.price.idx = 92.201 ↑ (light); nr.employed = 5076.2 ↑ (light)
36465,Predicted acceptance 57.6%. Key drivers: job is student ↑ (light); job is services ↓ (light); emp.var.rate = -2.9 ↓ (light); cons.price.idx = 92.963 ↑ (light); job is retired ↓ (light)
37465,Predicted acceptance 57.6%. Key drivers: job is student ↑ (light); job is services ↓ (light); emp.var.rate = -2.9 ↓ (light); cons.price.idx = 92.201 ↑ (light); job is retired ↓ (light)
37819,Predicted acceptance 57.6%. Key drivers: job is student ↑ (light); job is services ↓ (light); emp.var.rate = -2.9 ↓ (light); cons.price.idx = 92.201 ↑ (light); nr.employed = 5076.2 ↑ (light)
37643,Predicted acceptance 57.6%. Key drivers: emp.var.rate = -2.9 ↓ (light); cons.price.idx = 92.201 ↑ (light); job is student ↑ (light); job is services ↓ (light); feature_85 ↓ (light)
36778,Predicted acceptance 57.6%. Key drivers: job is student ↑ (light); job is services ↓ (light); emp.var.rate = -2.9 ↓ (light); cons.price.idx = 92.963 ↑ (light); job is retired ↓ (light)
37850,Predicted acceptance 57.6%. Key drivers: job is student ↑ (light); job is services ↓ (light); emp.var.rate = -2.9 ↓ (light); cons.price.idx = 92.201 ↑ (light); job is retired ↓ (light)
36615,Predicted acceptance 57.6%. Key drivers: job is student ↑ (light); job is services ↓ (light); emp.var.rate = -2.9 ↓ (light); cons.price.idx = 92.963 ↑ (light); job is retired ↓ (light)
36770,Predicted acceptance 57.6%. Key drivers: job is student ↑ (light); job is services ↓ (light); emp.var.rate = -2.9 ↓ (light); cons.price.idx = 92.963 ↑ (light); job is retired ↓ (light)
37803,Predicted acceptance 57.6%. Key drivers: job is student ↑ (light); job is services ↓ (light); emp.var.rate = -2.9 ↓ (light); cons.price.idx = 92.201 ↑ (light); job is retired ↓ (light)
37356,Predicted acceptance 57.6%. Key drivers: job is services ↓ (light); job is student ↑ (light); cons.price.idx = 92.201 ↑ (light); emp.var.rate = -2.9 ↓ (light); job is self-employed ↑ (light)
36606,Predicted acceptance 57.6%. Key drivers: job is services ↓ (light); job is student ↑ (light); emp.var.rate = -2.9 ↓ (light); cons.price.idx = 92.963 ↑ (light); job is retired ↓ (light)
37786,Predicted acceptance 57.6%. Key drivers: job is student ↑ (light); job is services ↓ (light); emp.var.rate = -2.9 ↓ (light); cons.price.idx = 92.201 ↑ (light); job is retired ↓ (light)
36626,Predicted acceptance 57.6%. Key drivers: job is student ↑ (light); job is services ↓ (light); emp.var.rate = -2.9 ↓ (light); cons.price.idx = 92.963 ↑ (light); nr.employed = 5076.2 ↑ (light)
37527,Predicted acceptance 57.6%. Key drivers: job is student ↑ (light); job is services ↓ (light); emp.var.rate = -2.9 ↓ (light); cons.price.idx = 92.201 ↑ (light); job is retired ↓ (light)
37376,Predicted acceptance 57.6%. Key drivers: job is student ↑ (light); job is services ↓ (light); emp.var.rate = -2.9 ↓ (light); cons.price.idx = 92.201 ↑ (light); job is entrepreneur ↑ (light)
37493,Predicted acceptance 57.6%. Key drivers: job is student ↑ (light); job is services ↓ (light); emp.var.rate = -2.9 ↓ (light); cons.price.idx = 92.201 ↑ (light); job is retired ↓ (light)
37675,Predicted acceptance 57.6%. Key drivers: job is student ↑ (light); job is services ↓ (light); emp.var.rate = -2.9 ↓ (light); cons.price.idx = 92.201 ↑ (light); job is self-employed ↑ (light)
36509,Predicted acceptance 57.6%. Key drivers: job is services ↓ (light); job is student ↑ (light); emp.var.rate = -2.9 ↓ (light); cons.price.idx = 92.963 ↑ (light); job is retired ↓ (light)
37806,Predicted acceptance 57.6%. Key drivers: job is student ↑ (light); job is services ↓ (light); emp.var.rate = -2.9 ↓ (light); cons.price.idx = 92.201 ↑ (light); job is retired ↓ (light)
37687,Predicted acceptance 57.6%. Key drivers: job is student ↑ (light); job is services ↓ (light); emp.var.rate = -2.9 ↓ (light); cons.price.idx = 92.201 ↑ (light); nr.employed = 5076.2 ↑ (light)
36656,Predicted acceptance 57.6%. Key drivers: job is services ↓ (light); job is student ↑ (light); emp.var.rate = -2.9 ↓ (light); cons.price.idx = 92.963 ↑ (light); nr.employed = 5076.2 ↑ (light)
37236,Predicted acceptance 57.6%. Key drivers: job is student ↑ (light); job is services ↓ (light); emp.var.rate = -2.9 ↓ (light); cons.price.idx = 92.201 ↑ (light); job is retired ↓ (light)
37442,Predicted acceptance 57.6%. Key drivers: job is student ↑ (light); job is services ↓ (light); emp.var.rate = -2.9 ↓ (light); cons.price.idx = 92.201 ↑ (light); nr.employed = 5076.2 ↑ (light)
37163,Predicted acceptance 57.6%. Key drivers: job is student ↑ (light); job is services ↓ (light); emp.var.rate = -2.9 ↓ (light); cons.price.idx = 92.201 ↑ (light); job is retired ↓ (light)
40977,Predicted acceptance 56.8%. Key drivers: job is services ↓ (light); job is student ↑ (light); emp.var.rate = -1.1 ↓ (light); cons.price.idx = 94.601 ↑ (light); feature_110 ↑ (light)
37284,Predicted acceptance 56.8%. Key drivers: job is student ↑ (light); job is services ↓ (light); emp.var.rate = -2.9 ↓ (light); cons.price.idx = 92.201 ↑ (light); nr.employed = 5076.2 ↑ (light)
37291,Predicted acceptance 56.8%. Key drivers: job is student ↑ (light); job is services ↓ (light); emp.var.rate = -2.9 ↓ (light); cons.price.idx = 92.201 ↑ (light); nr.employed = 5076.2 ↑ (light)
39865,Predicted acceptance 56.8%. Key drivers: job is student ↑ (light); job is services ↓ (light); emp.var.rate = -1.7 ↓ (light); cons.price.idx = 94.055 ↑ (light); feature_110 ↑ (light)
38840,Predicted acceptance 56.8%. Key drivers: job is services ↓ (light); job is student ↑ (light); emp.var.rate = -3.4 ↓ (light); cons.price.idx = 92.649 ↑ (light); feature_110 ↑ (light)
37969,Predicted acceptance 56.8%. Key drivers: job is services ↓ (light); job is student ↑ (light); emp.var.rate = -3.4 ↓ (light); cons.price.idx = 92.379 ↑ (light); feature_110 ↑ (light)
39077,Predicted acceptance 56.8%. Key drivers: job is student ↑ (light); job is services ↓ (light); cons.price.idx = 92.713 ↑ (light); emp.var.rate = -3.0 ↓ (light); feature_110 ↑ (light)
41036,Predicted acceptance 56.8%. Key drivers: emp.var.rate = -1.1 ↓ (light); cons.price.idx = 94.601 ↑ (light); job is student ↑ (light); job is services ↓ (light); feature_110 ↑ (light)
40907,Predicted acceptance 56.8%. Key drivers: job is services ↓ (light); job is student ↑ (light); emp.var.rate = -1.1 ↓ (light); cons.price.idx = 94.601 ↑ (light); feature_110 ↑ (light)
40435,Predicted acceptance 56.8%. Key drivers: job is services ↓ (light); job is student ↑ (light); emp.var.rate = -1.7 ↓ (light); cons.price.idx = 94.027 ↑ (light); feature_110 ↑ (light)
37297,Predicted acceptance 56.8%. Key drivers: job is student ↑ (light); job is services ↓ (light); emp.var.rate = -2.9 ↓ (light); cons.price.idx = 92.201 ↑ (light); job is retired ↓ (light)
38615,Predicted acceptance 56.8%. Key drivers: job is student ↑ (light); job is services ↓ (light); emp.var.rate = -3.4 ↓ (light); cons.price.idx = 92.649 ↑ (light); feature_110 ↑ (light)
40249,Predicted acceptance 56.8%. Key drivers: job is student ↑ (light); job is services ↓ (light); emp.var.rate = -1.7 ↓ (light); cons.price.idx = 94.215 ↑ (light); feature_110 ↑ (light)
38847,Predicted acceptance 56.8%. Key drivers: job is student ↑ (light); job is services ↓ (light); emp.var.rate = -3.4 ↓ (light); cons.price.idx = 92.649 ↑ (light); feature_110 ↑ (light)
40619,Predicted acceptance 56.8%. Key drivers: job is services ↓ (light); job is student ↑ (light); emp.var.rate = -1.1 ↓ (light); cons.price.idx = 94.199 ↑ (light); feature_110 ↑ (light)
39209,Predicted acceptance 56.8%. Key drivers: job is services ↓ (light); job is student ↑ (light); emp.var.rate = -1.8 ↓ (light); cons.price.idx = 93.369 ↑ (light); feature_110 ↑ (light)
39283,Predicted acceptance 56.8%. Key drivers: job is services ↓ (light); job is student ↑ (light); emp.var.rate = -1.8 ↓ (light); cons.price.idx = 93.369 ↑ (light); feature_110 ↑ (light)
40257,Predicted acceptance 56.8%. Key drivers: job is student ↑ (light); job is services ↓ (light); emp.var.rate = -1.7 ↓ (light); cons.price.idx = 94.215 ↑ (light); feature_110 ↑ (light)
40434,Predicted acceptance 56.8%. Key drivers: job is services ↓ (light); job is student ↑ (light); emp.var.rate = -1.7 ↓ (light); cons.price.idx = 94.027 ↑ (light); feature_110 ↑ (light)
38698,Predicted acceptance 56.8%. Key drivers: job is student ↑ (light); job is services ↓ (light); cons.price.idx = 92.649 ↑ (light); emp.var.rate = -3.4 ↓ (light); feature_110 ↑ (light)
39844,Predicted acceptance 56.8%. Key drivers: job is services ↓ (light); job is student ↑ (light); emp.var.rate = -1.7 ↓ (light); cons.price.idx = 94.055 ↑ (light); feature_110 ↑ (light)
40912,Predicted acceptance 56.8%. Key drivers: job is services ↓ (light); job is student ↑ (light); cons.price.idx = 94.601 ↑ (light); emp.var.rate = -1.1 ↓ (light); feature_110 ↑ (light)
38874,Predicted acceptance 56.8%. Key drivers: job is student ↑ (light); job is services ↓ (light); cons.price.idx = 92.649 ↑ (light); emp.var.rate = -3.4 ↓ (light); feature_110 ↑ (light)
37290,Predicted acceptance 56.8%. Key drivers: emp.var.rate = -2.9 ↓ (light); cons.price.idx = 92.201 ↑ (light); job is student ↑ (light); job is services ↓ (light); feature_85 ↓ (light)
41079,Predicted acceptance 56.8%. Key drivers: job is services ↓ (light); job is student ↑ (light); emp.var.rate = -1.1 ↓ (light); cons.price.idx = 94.767 ↑ (light); feature_110 ↑ (light)
37884,Predicted acceptance 56.8%. Key drivers: job is services ↓ (light); job is student ↑ (light); emp.var.rate = -2.9 ↓ (light); cons.price.idx = 92.201 ↑ (light); job is retired ↓ (light)
38877,Predicted acceptance 56.8%. Key drivers: job is student ↑ (light); job is services ↓ (light); cons.price.idx = 92.649 ↑ (light); emp.var.rate = -3.4 ↓ (light); feature_110 ↑ (light)
37276,Predicted acceptance 56.8%. Key drivers: job is student ↑ (light); job is services ↓ (light); emp.var.rate = -2.9 ↓ (light); cons.price.idx = 92.201 ↑ (light); nr.employed = 5076.2 ↑ (light)
40983,Predicted acceptance 56.8%. Key drivers: job is student ↑ (light); job is services ↓ (light); emp.var.rate = -1.1 ↓ (light); cons.price.idx = 94.601 ↑ (light); job is housemaid ↓ (light)
40442,Predicted acceptance 56.8%. Key drivers: job is services ↓ (light); job is student ↑ (light); emp.var.rate = -1.7 ↓ (light); cons.price.idx = 94.027 ↑ (light); feature_110 ↑ (light)
36259,Predicted acceptance 56.8%. Key drivers: job is student ↑ (light); job is services ↓ (light); emp.var.rate = -2.9 ↓ (light); cons.price.idx = 92.963 ↑ (light); nr.employed = 5076.2 ↑ (light)
40507,Predicted acceptance 56.8%. Key drivers: job is services ↓ (medium); job is student ↑ (medium); cons.price.idx = 94.027 ↑ (light); emp.var.rate = -1.7 ↓ (light); feature_110 ↑ (light)
40633,Predicted acceptance 56.8%. Key drivers: job is services ↓ (light); job is student ↑ (light); emp.var.rate = -1.1 ↓ (light); cons.price.idx = 94.199 ↑ (light); feature_110 ↑ (light)
39958,Predicted acceptance 56.8%. Key drivers: job is student ↑ (light); job is services ↓ (light); emp.var.rate = -1.7 ↓ (light); cons.price.idx = 94.055 ↑ (light); feature_110 ↑ (light)
36274,Predicted acceptance 56.8%. Key drivers: job is student ↑ (light); job is services ↓ (light); cons.price.idx = 92.963 ↑ (light); emp.var.rate = -2.9 ↓ (light); job is self-employed ↑ (light)
36236,Predicted acceptance 56.8%. Key drivers: job is student ↑ (light); job is services ↓ (light); emp.var.rate = -2.9 ↓ (light); cons.price.idx = 92.963 ↑ (light); nr.employed = 5076.2 ↑ (light)
38473,Predicted acceptance 56.8%. Key drivers: job is student ↑ (light); job is services ↓ (light); emp.var.rate = -3.4 ↓ (light); cons.price.idx = 92.431 ↑ (light); feature_110 ↑ (light)
39471,Predicted acceptance 56.8%. Key drivers: job is services ↓ (light); job is student ↑ (light); emp.var.rate = -1.8 ↓ (light); cons.price.idx = 93.749 ↑ (light); feature_110 ↑ (light)
37597,Predicted acceptance 56.8%. Key drivers: job is student ↑ (light); job is services ↓ (light); cons.price.idx = 92.201 ↑ (light); emp.var.rate = -2.9 ↓ (light); job is self-employed ↑ (light)
39511,Predicted acceptance 56.8%. Key drivers: job is student ↑ (light); job is services ↓ (light); emp.var.rate = -1.8 ↓ (light); cons.price.idx = 93.749 ↑ (light); feature_110 ↑ (light)
39331,Predicted acceptance 56.8%. Key drivers: job is services ↓ (light); job is student ↑ (light); emp.var.rate = -1.8 ↓ (light); cons.price.idx = 93.369 ↑ (light); feature_110 ↑ (light)
39108,Predicted acceptance 56.8%. Key drivers: job is student ↑ (light); job is services ↓ (light); emp.var.rate = -3.0 ↓ (light); cons.price.idx = 92.713 ↑ (light); feature_110 ↑ (light)
41078,Predicted acceptance 56.8%. Key drivers: job is services ↓ (light); job is student ↑ (light); emp.var.rate = -1.1 ↓ (light); cons.price.idx = 94.767 ↑ (light); feature_110 ↑ (light)
40514,Predicted acceptance 56.8%. Key drivers: job is services ↓ (light); job is student ↑ (light); emp.var.rate = -1.7 ↓ (light); cons.price.idx = 94.027 ↑ (light); feature_110 ↑ (light)
37779,Predicted acceptance 56.8%. Key drivers: job is student ↑ (light); job is services ↓ (light); emp.var.rate = -2.9 ↓ (light); cons.price.idx = 92.201 ↑ (light); job is retired ↓ (light)
40976,Predicted acceptance 56.8%. Key drivers: job is student ↑ (light); job is services ↓ (light); emp.var.rate = -1.1 ↓ (light); cons.price.idx = 94.601 ↑ (light); job is housemaid ↓ (light)
39364,Predicted acceptance 56.8%. Key drivers: job is services ↓ (light); job is student ↑ (light); emp.var.rate = -1.8 ↓ (light); cons.price.idx = 93.369 ↑ (light); feature_110 ↑ (light)
39268,Predicted acceptance 56.8%. Key drivers: job is services ↓ (light); job is student ↑ (light); emp.var.rate = -1.8 ↓ (light); cons.price.idx = 93.369 ↑ (light); feature_110 ↑ (light)
39688,Predicted acceptance 56.8%. Key drivers: job is services ↓ (light); job is student ↑ (light); emp.var.rate = -1.8 ↓ (light); cons.price.idx = 93.876 ↑ (light); feature_110 ↑ (light)
38560,Predicted acceptance 49.5%. Key drivers: job is student ↑ (light); job is services ↓ (light); job is self-employed ↑ (light); job is retired ↓ (light); emp.var.rate = -3.4 ↑ (light)
38472,Predicted acceptance 49.5%. Key drivers: job is student ↑ (light); job is services ↓ (light); job is retired ↓ (light); job is self-employed ↑ (light); emp.var.rate = -3.4 ↑ (light)
38597,Predicted acceptance 49.5%. Key drivers: job is student ↑ (light); job is services ↓ (light); job is self-employed ↑ (light); job is retired ↓ (light); emp.var.rate = -3.4 ↑ (light)
38453,Predicted acceptance 49.5%. Key drivers: job is student ↑ (light); job is services ↓ (light); job is retired ↓ (light); job is self-employed ↑ (light); emp.var.rate = -3.4 ↑ (light)
39025,Predicted acceptance 49.5%. Key drivers: job is student ↑ (light); job is services ↓ (light); job is retired ↓ (light); job is self-employed ↑ (light); emp.var.rate = -3.0 ↑ (light)
38522,Predicted acceptance 49.5%. Key drivers: job is student ↑ (light); job is services ↓ (light); job is self-employed ↑ (light); job is retired ↓ (light); emp.var.rate = -3.4 ↑ (light)
38527,Predicted acceptance 49.5%. Key drivers: job is services ↓ (light); job is student ↑ (light); job is retired ↓ (light); job is self-employed ↑ (light); emp.var.rate = -3.4 ↑ (light)
38596,Predicted acceptance 49.5%. Key drivers: job is student ↑ (light); job is services ↓ (light); job is self-employed ↑ (light); job is retired ↓ (light); emp.var.rate = -3.4 ↑ (light)
38478,Predicted acceptance 49.5%. Key drivers: job is student ↑ (light); job is services ↓ (light); job is self-employed ↑ (light); job is retired ↓ (light); emp.var.rate = -3.4 ↑ (light)
38979,Predicted acceptance 49.5%. Key drivers: job is student ↑ (light); job is services ↓ (light); job is self-employed ↑ (light); job is retired ↓ (light); emp.var.rate = -3.0 ↑ (light)
38545,Predicted acceptance 49.5%. Key drivers: job is services ↓ (light); job is student ↑ (light); job is retired ↓ (light); job is self-employed ↑ (light); emp.var.rate = -3.4 ↑ (light)
39069,Predicted acceptance 49.5%. Key drivers: job is student ↑ (light); job is services ↓ (light); job is retired ↓ (light); job is self-employed ↑ (light); emp.var.rate = -3.0 ↑ (light)
38459,Predicted acceptance 49.5%. Key drivers: job is student ↑ (light); job is services ↓ (light); job is self-employed ↑ (light); job is retired ↓ (light); emp.var.rate = -3.4 ↑ (light)
38990,Predicted acceptance 49.5%. Key drivers: job is student ↑ (light); job is services ↓ (light); job is self-employed ↑ (light); job is retired ↓ (light); emp.var.rate = -3.0 ↑ (light)
39039,Predicted acceptance 49.5%. Key drivers: job is student ↑ (light); job is services ↓ (light); job is retired ↓ (light); job is self-employed ↑ (light); emp.var.rate = -3.0 ↑ (light)
39066,Predicted acceptance 49.5%. Key drivers: job is student ↑ (light); job is services ↓ (light); job is retired ↓ (light); job is self-employed ↑ (light); emp.var.rate = -3.0 ↑ (light)
38553,Predicted acceptance 49.5%. Key drivers: job is student ↑ (light); job is services ↓ (light); job is self-employed ↑ (light); job is retired ↓ (light); emp.var.rate = -3.4 ↑ (light)
38586,Predicted acceptance 49.5%. Key drivers: job is student ↑ (light); job is services ↓ (light); job is self-employed ↑ (light); job is retired ↓ (light); emp.var.rate = -3.4 ↑ (light)
38484,Predicted acceptance 49.5%. Key drivers: job is student ↑ (light); job is services ↓ (light); job is retired ↓ (light); job is self-employed ↑ (light); emp.var.rate = -3.4 ↑ (light)
38578,Predicted acceptance 49.5%. Key drivers: job is student ↑ (light); job is services ↓ (light); job is retired ↓ (light); job is self-employed ↑ (light); emp.var.rate = -3.4 ↑ (light)
38434,Predicted acceptance 49.5%. Key drivers: job is student ↑ (light); job is services ↓ (light); job is self-employed ↑ (light); job is retired ↓ (light); emp.var.rate = -3.4 ↑ (light)
39045,Predicted acceptance 49.5%. Key drivers: job is student ↑ (light); job is services ↓ (light); job is self-employed ↑ (light); job is retired ↓ (light); emp.var.rate = -3.0 ↑ (light)
38992,Predicted acceptance 49.5%. Key drivers: job is student ↑ (light); job is services ↓ (light); job is self-employed ↑ (light); job is retired ↓ (light); emp.var.rate = -3.0 ↑ (light)
38460,Predicted acceptance 49.5%. Key drivers: job is student ↑ (light); job is services ↓ (light); job is self-employed ↑ (light); job is retired ↓ (light); emp.var.rate = -3.4 ↑ (light)
38593,Predicted acceptance 49.5%. Key drivers: job is student ↑ (light); job is services ↓ (light); job is self-employed ↑ (light); job is retired ↓ (light); emp.var.rate = -3.4 ↑ (light)
38444,Predicted acceptance 49.5%. Key drivers: job is student ↑ (light); job is services ↓ (light); job is self-employed ↑ (light); job is retired ↓ (light); emp.var.rate = -3.4 ↑ (light)
38999,Predicted acceptance 49.5%. Key drivers: job is student ↑ (light); job is services ↓ (light); job is self-employed ↑ (light); job is retired ↓ (light); emp.var.rate = -3.0 ↑ (light)
38520,Predicted acceptance 49.5%. Key drivers: job is services ↓ (light); job is student ↑ (light); job is retired ↓ (light); job is self-employed ↑ (light); emp.var.rate = -3.4 ↑ (light)
38426,Predicted acceptance 49.5%. Key drivers: job is student ↑ (light); job is services ↓ (light); job is retired ↓ (light); job is self-employed ↑ (light); emp.var.rate = -3.4 ↑ (light)
38978,Predicted acceptance 49.5%. Key drivers: job is student ↑ (light); job is services ↓ (light); job is retired ↓ (light); job is self-employed ↑ (light); emp.var.rate = -3.0 ↑ (light)
38517,Predicted acceptance 49.5%. Key drivers: job is student ↑ (light); job is services ↓ (light); job is self-employed ↑ (light); job is retired ↓ (light); emp.var.rate = -3.4 ↑ (light)
38572,Predicted acceptance 49.5%. Key drivers: job is student ↑ (light); job is services ↓ (light); job is self-employed ↑ (light); job is retired ↓ (light); emp.var.rate = -3.4 ↑ (light)
38960,Predicted acceptance 49.5%. Key drivers: job is services ↓ (light); job is student ↑ (light); job is retired ↓ (light); job is self-employed ↑ (light); emp.var.rate = -3.0 ↑ (light)
38583,Predicted acceptance 49.5%. Key drivers: job is student ↑ (light); job is services ↓ (light); job is self-employed ↑ (light); job is retired ↓ (light); emp.var.rate = -3.4 ↑ (light)
38566,Predicted acceptance 49.5%. Key drivers: job is student ↑ (light); job is services ↓ (light); job is self-employed ↑ (light); job is retired ↓ (light); emp.var.rate = -3.4 ↑ (light)
38981,Predicted acceptance 49.5%. Key drivers: job is student ↑ (light); job is services ↓ (light); job is retired ↓ (light); job is self-employed ↑ (light); emp.var.rate = -3.0 ↑ (light)
38524,Predicted acceptance 49.5%. Key drivers: job is student ↑ (light); job is services ↓ (light); job is self-employed ↑ (light); job is retired ↓ (light); emp.var.rate = -3.4 ↑ (light)
38551,Predicted acceptance 49.5%. Key drivers: job is student ↑ (light); job is services ↓ (light); job is self-employed ↑ (light); job is retired ↓ (light); emp.var.rate = -3.4 ↑ (light)
39050,Predicted acceptance 49.5%. Key drivers: job is student ↑ (light); job is services ↓ (light); job is self-employed ↑ (light); job is retired ↓ (light); emp.var.rate = -3.0 ↑ (light)
38533,Predicted acceptance 49.5%. Key drivers: job is student ↑ (light); job is services ↓ (light); job is self-employed ↑ (light); job is retired ↓ (light); emp.var.rate = -3.4 ↑ (light)
39101,Predicted acceptance 49.5%. Key drivers: job is services ↓ (light); job is student ↑ (light); job is retired ↓ (light); job is self-employed ↑ (light); emp.var.rate = -3.0 ↑ (light)
38490,Predicted acceptance 49.5%. Key drivers: job is student ↑ (light); job is services ↓ (light); job is retired ↓ (light); job is self-employed ↑ (light); emp.var.rate = -3.4 ↑ (light)
39053,Predicted acceptance 49.5%. Key drivers: job is student ↑ (light); job is services ↓ (light); job is retired ↓ (light); job is self-employed ↑ (light); emp.var.rate = -3.0 ↑ (light)
38483,Predicted acceptance 49.5%. Key drivers: job is student ↑ (light); job is services ↓ (light); job is self-employed ↑ (light); job is retired ↓ (light); emp.var.rate = -3.4 ↑ (light)
39051,Predicted acceptance 49.5%. Key drivers: job is services ↓ (light); job is student ↑ (light); job is retired ↓ (light); job is self-employed ↑ (light); emp.var.rate = -3.0 ↑ (light)
39089,Predicted acceptance 49.5%. Key drivers: job is student ↑ (light); job is services ↓ (light); job is self-employed ↑ (light); job is retired ↓ (light); emp.var.rate = -3.0 ↑ (light)
38985,Predicted acceptance 49.5%. Key drivers: job is student ↑ (light); job is services ↓ (light); job is self-employed ↑ (light); job is retired ↓ (light); emp.var.rate = -3.0 ↑ (light)
38402,Predicted acceptance 49.5%. Key drivers: job is student ↑ (light); job is services ↓ (light); job is self-employed ↑ (light); job is retired ↓ (light); emp.var.rate = -3.4 ↑ (light)
39028,Predicted acceptance 49.5%. Key drivers: job is services ↓ (light); job is student ↑ (light); job is retired ↓ (light); job is self-employed ↑ (light); emp.var.rate = -3.0 ↑ (light)
39121,Predicted acceptance 49.5%. Key drivers: job is student ↑ (light); job is services ↓ (light); job is self-employed ↑ (light); job is retired ↓ (light); emp.var.rate = -3.0 ↑ (light)
39049,Predicted acceptance 49.5%. Key drivers: job is student ↑ (light); job is services ↓ (light); job is retired ↓ (light); job is self-employed ↑ (light); emp.var.rate = -3.0 ↑ (light)
38427,Predicted acceptance 49.5%. Key drivers: job is student ↑ (light); job is services ↓ (light); job is self-employed ↑ (light); job is retired ↓ (light); emp.var.rate = -3.4 ↑ (light)
39010,Predicted acceptance 49.5%. Key drivers: job is student ↑ (light); job is services ↓ (light); job is self-employed ↑ (light); job is retired ↓ (light); emp.var.rate = -3.0 ↑ (light)
39087,Predicted acceptance 49.5%. Key drivers: job is student ↑ (light); job is services ↓ (light); job is self-employed ↑ (light); job is retired ↓ (light); emp.var.rate = -3.0 ↑ (light)
38546,Predicted acceptance 49.5%. Key drivers: job is student ↑ (light); job is services ↓ (light); job is self-employed ↑ (light); job is retired ↓ (light); emp.var.rate = -3.4 ↑ (light)
39128,Predicted acceptance 49.5%. Key drivers: job is student ↑ (light); job is services ↓ (light); job is self-employed ↑ (light); job is retired ↓ (light); emp.var.rate = -3.0 ↑ (light)
38448,Predicted acceptance 49.5%. Key drivers: job is student ↑ (light); job is services ↓ (light); job is self-employed ↑ (light); job is retired ↓ (light); emp.var.rate = -3.4 ↑ (light)
38991,Predicted acceptance 49.5%. Key drivers: job is student ↑ (light); job is services ↓ (light); job is self-employed ↑ (light); job is retired ↓ (light); emp.var.rate = -3.0 ↑ (light)
38969,Predicted acceptance 49.5%. Key drivers: job is student ↑ (light); job is services ↓ (light); job is self-employed ↑ (light); job is retired ↓ (light); emp.var.rate = -3.0 ↑ (light)
38525,Predicted acceptance 49.5%. Key drivers: job is student ↑ (light); job is services ↓ (light); job is self-employed ↑ (light); job is retired ↓ (light); emp.var.rate = -3.4 ↑ (light)
38966,Predicted acceptance 49.5%. Key drivers: job is student ↑ (light); job is services ↓ (light); job is retired ↓ (light); job is self-employed ↑ (light); emp.var.rate = -3.0 ↑ (light)
40649,Predicted acceptance 47.7%. Key drivers: job is student ↑ (light); job is services ↓ (light); emp.var.rate = -1.1 ↑ (light); cons.price.idx = 94.199 ↓ (light); nr.employed = 4963.6 ↓ (light)
40742,Predicted acceptance 47.7%. Key drivers: job is student ↑ (light); job is services ↓ (light); cons.price.idx = 94.199 ↓ (light); emp.var.rate = -1.1 ↑ (light); nr.employed = 4963.6 ↓ (light)
39229,Predicted acceptance 47.7%. Key drivers: job is student ↑ (light); job is services ↓ (light); emp.var.rate = -1.8 ↑ (light); cons.price.idx = 93.369 ↓ (light); job is retired ↓ (light)
40037,Predicted acceptance 47.7%. Key drivers: job is student ↑ (light); job is services ↓ (light); nr.employed = 4991.6 ↓ (light); job is admin. ↑ (light); emp.var.rate = -1.7 ↑ (light)
39546,Predicted acceptance 47.7%. Key drivers: job is services ↓ (light); job is student ↑ (light); emp.var.rate = -1.8 ↑ (light); cons.price.idx = 93.749 ↓ (light); job is retired ↓ (light)
41123,Predicted acceptance 47.7%. Key drivers: job is services ↓ (light); job is student ↑ (light); job is housemaid ↓ (light); job is management ↑ (light); emp.var.rate = -1.1 ↑ (light)
39482,Predicted acceptance 47.7%. Key drivers: job is services ↓ (light); job is student ↑ (light); emp.var.rate = -1.8 ↑ (light); cons.price.idx = 93.749 ↓ (light); job is retired ↓ (light)
39468,Predicted acceptance 47.7%. Key drivers: job is student ↑ (light); job is services ↓ (light); job is retired ↓ (light); job is self-employed ↑ (light); emp.var.rate = -1.8 ↑ (light)
40331,Predicted acceptance 47.7%. Key drivers: job is student ↑ (light); job is services ↓ (light); nr.employed = 4991.6 ↓ (light); job is admin. ↑ (light); feature_119 ↑ (light)
40984,Predicted acceptance 47.7%. Key drivers: job is services ↓ (light); job is student ↑ (light); job is housemaid ↓ (light); job is management ↑ (light); nr.employed = 4963.6 ↓ (light)
39555,Predicted acceptance 47.7%. Key drivers: job is student ↑ (light); job is services ↓ (light); emp.var.rate = -1.8 ↑ (light); cons.price.idx = 93.749 ↓ (light); job is retired ↓ (light)
40283,Predicted acceptance 47.7%. Key drivers: job is student ↑ (light); job is services ↓ (light); emp.var.rate = -1.7 ↑ (light); cons.price.idx = 94.215 ↓ (light); nr.employed = 4991.6 ↓ (light)
40076,Predicted acceptance 47.7%. Key drivers: job is student ↑ (light); job is services ↓ (light); emp.var.rate = -1.7 ↑ (light); cons.price.idx = 94.215 ↓ (light); nr.employed = 4991.6 ↓ (light)
39902,Predicted acceptance 47.7%. Key drivers: job is student ↑ (light); job is services ↓ (light); emp.var.rate = -1.7 ↑ (light); cons.price.idx = 94.055 ↓ (light); feature_84 ↓ (light)
40617,Predicted acceptance 47.7%. Key drivers: job is student ↑ (light); job is services ↓ (light); nr.employed = 4963.6 ↓ (light); job is admin. ↑ (light); feature_119 ↑ (light)
40303,Predicted acceptance 47.7%. Key drivers: job is student ↑ (light); job is services ↓ (light); emp.var.rate = -1.7 ↑ (light); cons.price.idx = 94.215 ↓ (light); nr.employed = 4991.6 ↓ (light)
40399,Predicted acceptance 47.7%. Key drivers: job is student ↑ (light); job is services ↓ (light); emp.var.rate = -1.7 ↑ (light); cons.price.idx = 94.027 ↓ (light); nr.employed = 4991.6 ↓ (light)
39562,Predicted acceptance 47.7%. Key drivers: job is student ↑ (light); job is services ↓ (light); emp.var.rate = -1.8 ↑ (light); cons.price.idx = 93.749 ↓ (light); job is retired ↓ (light)
41138,Predicted acceptance 47.7%. Key drivers: job is student ↑ (light); job is services ↓ (light); job is housemaid ↓ (light); job is management ↑ (light); emp.var.rate = -1.1 ↑ (light)
41147,Predicted acceptance 47.7%. Key drivers: job is services ↓ (light); job is student ↑ (light); job is housemaid ↓ (light); job is management ↑ (light); emp.var.rate = -1.1 ↑ (light)
40241,Predicted acceptance 47.7%. Key drivers: job is student ↑ (light); job is services ↓ (light); emp.var.rate = -1.7 ↑ (light); cons.price.idx = 94.215 ↓ (light); nr.employed = 4991.6 ↓ (light)
39414,Predicted acceptance 47.7%. Key drivers: job is student ↑ (light); job is services ↓ (light); emp.var.rate = -1.8 ↑ (light); cons.price.idx = 93.749 ↓ (light); job is retired ↓ (light)
40157,Predicted acceptance 47.7%. Key drivers: job is student ↑ (light); job is services ↓ (light); emp.var.rate = -1.7 ↑ (light); cons.price.idx = 94.215 ↓ (light); nr.employed = 4991.6 ↓ (light)
40836,Predicted acceptance 47.7%. Key drivers: job is student ↑ (light); job is services ↓ (light); nr.employed = 4963.6 ↓ (light); job is admin. ↑ (light); emp.var.rate = -1.1 ↑ (light)
39897,Predicted acceptance 47.7%. Key drivers: job is student ↑ (light); job is services ↓ (light); emp.var.rate = -1.7 ↑ (light); cons.price.idx = 94.055 ↓ (light); feature_84 ↓ (light)
39297,Predicted acceptance 47.7%. Key drivers: job is student ↑ (light); job is services ↓ (light); emp.var.rate = -1.8 ↑ (light); cons.price.idx = 93.369 ↓ (light); job is retired ↓ (light)
40880,Predicted acceptance 47.7%. Key drivers: job is services ↓ (light); job is student ↑ (light); job is housemaid ↓ (light); job is management ↑ (light); emp.var.rate = -1.1 ↑ (light)
39967,Predicted acceptance 47.7%. Key drivers: job is student ↑ (light); job is services ↓ (light); nr.employed = 4991.6 ↓ (light); job is admin. ↑ (light); emp.var.rate = -1.7 ↑ (light)
39424,Predicted acceptance 47.7%. Key drivers: job is student ↑ (light); job is services ↓ (light); job is retired ↓ (light); job is self-employed ↑ (light); emp.var.rate = -1.8 ↑ (light)
40665,Predicted acceptance 47.7%. Key drivers: job is student ↑ (light); job is services ↓ (light); emp.var.rate = -1.1 ↑ (light); cons.price.idx = 94.199 ↓ (light); nr.employed = 4963.6 ↓ (light)
39945,Predicted acceptance 47.7%. Key drivers: job is student ↑ (light); job is services ↓ (light); emp.var.rate = -1.7 ↑ (light); cons.price.idx = 94.055 ↓ (light); nr.employed = 4991.6 ↓ (light)
39890,Predicted acceptance 47.7%. Key drivers: job is student ↑ (light); job is services ↓ (light); emp.var.rate = -1.7 ↑ (light); cons.price.idx = 94.055 ↓ (light); feature_84 ↓ (light)
39311,Predicted acceptance 47.7%. Key drivers: job is student ↑ (light); job is services ↓ (light); emp.var.rate = -1.8 ↑ (light); cons.price.idx = 93.369 ↓ (light); job is retired ↓ (light)
39753,Predicted acceptance 47.7%. Key drivers: job is student ↑ (light); job is services ↓ (light); emp.var.rate = -1.8 ↑ (light); cons.price.idx = 93.876 ↓ (light); job is retired ↓ (light)
40839,Predicted acceptance 47.7%. Key drivers: job is student ↑ (light); job is services ↓ (light); nr.employed = 4963.6 ↓ (light); job is admin. ↑ (light); emp.var.rate = -1.1 ↑ (light)
40072,Predicted acceptance 47.7%. Key drivers: job is student ↑ (light); job is services ↓ (light); emp.var.rate = -1.7 ↑ (light); cons.price.idx = 94.215 ↓ (light); nr.employed = 4991.6 ↓ (light)
39781,Predicted acceptance 47.7%. Key drivers: job is student ↑ (light); job is services ↓ (light); emp.var.rate = -1.7 ↑ (light); cons.price.idx = 94.055 ↓ (light); feature_84 ↓ (light)
40097,Predicted acceptance 47.7%. Key drivers: job is student ↑ (light); job is services ↓ (light); nr.employed = 4991.6 ↓ (light); job is admin. ↑ (light); emp.var.rate = -1.7 ↑ (light)
40058,Predicted acceptance 47.7%. Key drivers: job is student ↑ (light); job is services ↓ (light); emp.var.rate = -1.7 ↑ (light); cons.price.idx = 94.215 ↓ (light); nr.employed = 4991.6 ↓ (light)
41014,Predicted acceptance 47.7%. Key drivers: job is services ↓ (light); job is student ↑ (light); job is housemaid ↓ (light); job is management ↑ (light); emp.var.rate = -1.1 ↑ (light)
40922,Predicted acceptance 47.7%. Key drivers: job is services ↓ (light); job is student ↑ (light); job is housemaid ↓ (light); job is management ↑ (light); nr.employed = 4963.6 ↓ (light)
39149,Predicted acceptance 47.7%. Key drivers: job is student ↑ (light); job is services ↓ (light); emp.var.rate = -1.8 ↑ (light); cons.price.idx = 93.369 ↓ (light); job is retired ↓ (light)
40606,Predicted acceptance 47.7%. Key drivers: job is student ↑ (light); job is services ↓ (light); emp.var.rate = -1.1 ↑ (light); cons.price.idx = 94.199 ↓ (light); nr.employed = 4963.6 ↓ (light)
39441,Predicted acceptance 47.7%. Key drivers: job is services ↓ (light); job is student ↑ (light); job is retired ↓ (light); job is self-employed ↑ (light); emp.var.rate = -1.8 ↑ (light)
40808,Predicted acceptance 47.7%. Key drivers: job is student ↑ (light); job is services ↓ (light); cons.price.idx = 94.199 ↓ (light); emp.var.rate = -1.1 ↑ (light); nr.employed = 4963.6 ↓ (light)
40781,Predicted acceptance 47.7%. Key drivers: job is student ↑ (light); job is services ↓ (light); cons.price.idx = 94.199 ↓ (light); emp.var.rate = -1.1 ↑ (light); nr.employed = 4963.6 ↓ (light)
40203,Predicted acceptance 47.7%. Key drivers: job is student ↑ (light); job is services ↓ (light); nr.employed = 4991.6 ↓ (light); job is admin. ↑ (light); emp.var.rate = -1.7 ↑ (light)
40635,Predicted acceptance 47.7%. Key drivers: job is student ↑ (light); job is services ↓ (light); nr.employed = 4963.6 ↓ (light); job is admin. ↑ (light); feature_119 ↑ (light)
40830,Predicted acceptance 47.7%. Key drivers: job is student ↑ (light); job is services ↓ (light); nr.employed = 4963.6 ↓ (light); job is admin. ↑ (light); emp.var.rate = -1.1 ↑ (light)
40277,Predicted acceptance 47.7%. Key drivers: job is student ↑ (light); job is services ↓ (light); emp.var.rate = -1.7 ↑ (light); cons.price.idx = 94.215 ↓ (light); nr.employed = 4991.6 ↓ (light)
40949,Predicted acceptance 47.7%. Key drivers: job is services ↓ (light); job is student ↑ (light); job is housemaid ↓ (light); job is management ↑ (light); emp.var.rate = -1.1 ↑ (light)
39197,Predicted acceptance 47.7%. Key drivers: job is student ↑ (light); job is services ↓ (light); emp.var.rate = -1.8 ↑ (light); cons.price.idx = 93.369 ↓ (light); job is retired ↓ (light)
40881,Predicted acceptance 47.7%. Key drivers: job is student ↑ (light); job is services ↓ (light); job is housemaid ↓ (light); job is management ↑ (light); emp.var.rate = -1.1 ↑ (light)
39386,Predicted acceptance 47.7%. Key drivers: job is services ↓ (light); job is student ↑ (light); emp.var.rate = -1.8 ↑ (light); cons.price.idx = 93.369 ↓ (light); job is retired ↓ (light)
39382,Predicted acceptance 47.7%. Key drivers: job is student ↑ (light); job is services ↓ (light); emp.var.rate = -1.8 ↑ (light); cons.price.idx = 93.369 ↓ (light); job is retired ↓ (light)
39917,Predicted acceptance 47.7%. Key drivers: job is student ↑ (light); job is services ↓ (light); emp.var.rate = -1.7 ↑ (light); cons.price.idx = 94.055 ↓ (light); nr.employed = 4991.6 ↓ (light)
39339,Predicted acceptance 47.7%. Key drivers: job is student ↑ (light); job is services ↓ (light); emp.var.rate = -1.8 ↑ (light); cons.price.idx = 93.369 ↓ (light); job is retired ↓ (light)
39495,Predicted acceptance 47.7%. Key drivers: job is services ↓ (light); job is student ↑ (light); emp.var.rate = -1.8 ↑ (light); cons.price.idx = 93.749 ↓ (light); previous = 0 ↓ (light)
41049,Predicted acceptance 47.7%. Key drivers: job is services ↓ (light); job is student ↑ (light); job is housemaid ↓ (light); job is management ↑ (light); emp.var.rate = -1.1 ↑ (light)
39513,Predicted acceptance 47.7%. Key drivers: job is student ↑ (light); job is services ↓ (light); job is retired ↓ (light); job is self-employed ↑ (light); emp.var.rate = -1.8 ↑ (light)
40676,Predicted acceptance 47.7%. Key drivers: job is student ↑ (light); job is services ↓ (light); cons.price.idx = 94.199 ↓ (light); emp.var.rate = -1.1 ↑ (light); nr.employed = 4963.6 ↓ (light)
40003,Predicted acceptance 47.7%. Key drivers: job is student ↑ (light); job is services ↓ (light); emp.var.rate = -1.7 ↑ (light); cons.price.idx = 94.055 ↓ (light); nr.employed = 4991.6 ↓ (light)
39483,Predicted acceptance 47.7%. Key drivers: job is student ↑ (light); job is services ↓ (light); emp.var.rate = -1.8 ↑ (light); cons.price.idx = 93.749 ↓ (light); job is retired ↓ (light)
41168,Predicted acceptance 47.7%. Key drivers: job is services ↓ (light); job is student ↑ (light); job is housemaid ↓ (light); job is management ↑ (light); emp.var.rate = -1.1 ↑ (light)
41025,Predicted acceptance 47.7%. Key drivers: job is services ↓ (light); job is student ↑ (light); job is housemaid ↓ (light); job is management ↑ (light); emp.var.rate = -1.1 ↑ (light)
40621,Predicted acceptance 47.7%. Key drivers: job is student ↑ (light); job is services ↓ (light); nr.employed = 4963.6 ↓ (light); job is admin. ↑ (light); feature_119 ↑ (light)
39560,Predicted acceptance 47.7%. Key drivers: job is student ↑ (light); job is services ↓ (light); emp.var.rate = -1.8 ↑ (light); cons.price.idx = 93.749 ↓ (light); job is retired ↓ (light)
39864,Predicted acceptance 47.7%. Key drivers: job is services ↓ (light); job is student ↑ (light); emp.var.rate = -1.7 ↑ (light); cons.price.idx = 94.055 ↓ (light); feature_84 ↓ (light)
39332,Predicted acceptance 47.7%. Key drivers: job is services ↓ (light); job is student ↑ (light); job is retired ↓ (light); job is self-employed ↑ (light); emp.var.rate = -1.8 ↑ (light)
40760,Predicted acceptance 47.7%. Key drivers: job is student ↑ (light); job is services ↓ (light); cons.price.idx = 94.199 ↓ (light); emp.var.rate = -1.1 ↑ (light); nr.employed = 4963.6 ↓ (light)
40651,Predicted acceptance 47.7%. Key drivers: job is student ↑ (light); job is services ↓ (light); cons.price.idx = 94.199 ↓ (light); emp.var.rate = -1.1 ↑ (light); nr.employed = 4963.6 ↓ (light)
40041,Predicted acceptance 47.7%. Key drivers: job is student ↑ (light); job is services ↓ (light); emp.var.rate = -1.7 ↑ (light); cons.price.idx = 94.215 ↓ (light); nr.employed = 4991.6 ↓ (light)
40764,Predicted acceptance 47.7%. Key drivers: job is student ↑ (light); job is services ↓ (light); cons.price.idx = 94.199 ↓ (light); emp.var.rate = -1.1 ↑ (light); nr.employed = 4963.6 ↓ (light)
39552,Predicted acceptance 47.7%. Key drivers: job is student ↑ (light); job is services ↓ (light); emp.var.rate = -1.8 ↑ (light); cons.price.idx = 93.749 ↓ (light); job is retired ↓ (light)
40483,Predicted acceptance 47.7%. Key drivers: job is student ↑ (light); job is services ↓ (light); emp.var.rate = -1.7 ↑ (light); cons.price.idx = 94.027 ↓ (light); nr.employed = 4991.6 ↓ (light)
40090,Predicted acceptance 47.7%. Key drivers: job is student ↑ (light); job is services ↓ (light); nr.employed = 4991.6 ↓ (light); job is admin. ↑ (light); emp.var.rate = -1.7 ↑ (light)
39510,Predicted acceptance 47.7%. Key drivers: job is student ↑ (light); job is services ↓ (light); job is retired ↓ (light); job is self-employed ↑ (light); emp.var.rate = -1.8 ↑ (light)
39985,Predicted acceptance 47.7%. Key drivers: job is student ↑ (light); job is services ↓ (light); emp.var.rate = -1.7 ↑ (light); cons.price.idx = 94.055 ↓ (light); nr.employed = 4991.6 ↓ (light)
